i;T_Z;v_z;CX;CY;k;R;D_12;v_f;v_cruis;k_f;p12;px_1;py_1;pz_1;d_1;phi_1;angle_1;v1;vx1;vy1;setPx1;setPy1;bat_cf1;lighthouse_status_cf1;px_2;py_2;pz_2;d_2;phi_2;angle_2;v2;vx2;vy2;setPx2;setPy2;bat_cf2;lighthouse_status_cf2;
0;0.2;0.05;0.0005;0.0005;5.0;0.3;3.141592653589793;0.7;0.7;3;1.5029387956382627;0.48815813660621643;-0.17262199521064758;0.007665825076401234;0.5174762636333794;1.9119246391827667;4.309956396301603;0.08943019592733958;-0.08228570493942798;-0.03502602898165509;0.4799295661122736;-0.1761245981088131;3.774193525314331;2;-0.03363863006234169;-0.12130072712898254;0.0034564260859042406;0.1264945184254333;-2.868321872358557;-2.0121075748576294;1.3105698040726603;-1.1850072214930523;-0.5597777204894525;-0.15213935221164693;-0.1772784991779278;3.85337233543396;2;
1;0.2;0.05;0.001;0.001;5.0;0.3;3.141592653589793;0.7;0.7;3;1.517917284750527;0.47785162925720215;-0.1652899533510208;0.0033535053953528404;0.5050146779161303;1.9063345924218973;4.2749099220298294;0.09023292671019312;-0.08173502028138216;-0.03822783700772424;0.46967812722906394;-0.16911273705179325;3.710850477218628;2;-0.03247622773051262;-0.11426211893558502;0.0017994762165471911;0.12002505523675501;-2.8589334300071623;-2.0208829873259724;1.3097670732898068;-1.1793265906613661;-0.5698057378029683;-0.15040888679664924;-0.17124269271588186;3.800586462020874;2;
2;0.2;0.05;0.0015;0.0015;5.0;0.3;3.141592653589793;0.7;0.7;3;1.5311593828521457;0.4938409626483917;-0.17400571703910828;0.034312788397073746;0.5226871724224315;1.913225081325621;4.323041789720484;0.09095452969401419;-0.08414722467662084;-0.03452493375926451;0.48542624018072966;-0.17745821041503473;3.763636350631714;2;-0.032853882759809494;-0.10846836864948273;0.003000653116032481;0.1152095107363245;-2.83880084300182;-2.013896512861886;1.3090454703059857;-1.1826267941843267;-0.5612431817010535;-0.15111656217824215;-0.16459268681958808;3.7953078746795654;2;
3;0.2;0.05;0.002;0.002;5.0;0.3;3.141592653589793;0.7;0.7;3;1.5519116914479463;0.49407705664634705;-0.1712823361158371;0.05208723247051239;0.5216958862090961;1.9093805284924235;4.316978824524136;0.09210856258914879;-0.08500134205030761;-0.03547899592555781;0.4855769224413163;-0.17483023570839287;3.7794721126556396;2;-0.03777007386088371;-0.11813095211982727;0.011126164346933365;0.1265428956208778;-2.821893087239217;-1.9655407580050652;1.3078914374108512;-1.2073078884002428;-0.5029788014013806;-0.158500862700908;-0.16842883225996533;3.800586462020874;2;
4;0.2;0.05;0.0025;0.0025;5.0;0.3;3.141592653589793;0.7;0.7;3;1.5743492713006606;0.48786142468452454;-0.1701311469078064;0.0806066021323204;0.5151477705032761;1.9125182588241663;4.305184228858824;0.09338922982948616;-0.08575292797314504;-0.03698626220878755;0.47928613188721003;-0.17382977312868514;3.790029287338257;2;-0.03981592878699303;-0.11514785885810852;0.027914386242628098;0.12502662325682196;-2.79631777705476;-1.9442760516140174;1.3066107701705136;-1.2165374418770805;-0.4767267112683658;-0.16146967297470108;-0.16282052998494512;3.811143636703491;2;
5;0.2;0.05;0.003;0.003;5.0;0.3;3.141592653589793;0.7;0.7;3;1.743537443771767;0.48772287368774414;-0.16970671713352203;0.0916280522942543;0.5145715445097437;1.9130724781469979;4.304400948278642;0.10430353962345751;-0.09574240472054436;-0.04138381708240137;0.4781486332156897;-0.17384509884176216;3.7689149379730225;2;-0.06493028253316879;-0.1170257180929184;0.05202144384384155;0.13791554041788348;-2.626575385260822;-1.736842830136044;1.2956964603765424;-1.2778753535871374;-0.21415858172590127;-0.19271781789188253;-0.13844157626550851;3.790029287338257;2;
6;0.2;0.05;0.0035;0.0035;5.0;0.3;3.141592653589793;0.7;0.7;3;1.8746882687830175;0.49018779397010803;-0.16891144216060638;0.09273619204759598;0.5163242335852448;1.9112564917238184;4.306641290951278;0.11465157573334261;-0.10534273186941456;-0.045253648034462676;0.4796535207831666;-0.17343680696405264;3.7425220012664795;2;-0.08731813728809357;-0.117376409471035;0.06578487157821655;0.15119206469616167;-2.4972405466727507;-1.5661197955729058;1.2853484242666573;-1.2853343690430696;0.006010950127306419;-0.21585157419240053;-0.11677531445830436;3.811143636703491;2;
7;0.2;0.05;0.004;0.004;5.0;0.3;3.141592653589793;0.7;0.7;3;2.0327777533039657;0.49359285831451416;-0.16644985973834991;0.08816208690404892;0.5184152019350889;1.9058186394277807;4.305996534948004;0.13013696252677764;-0.1195376786902663;-0.05144290416606147;0.4816390904454875;-0.17159415015495605;3.7161290645599365;2;-0.1171840950846672;-0.11440341919660568;0.06413709372282028;0.16942536580729817;-2.34458891444784;-1.3521849610809618;1.2698630374732223;-1.239639725052385;0.2754005918889171;-0.2411480675899057;-0.08686336000771397;3.737243413925171;2;
8;0.2;0.05;0.0045000000000000005;0.0045000000000000005;5.0;0.3;3.141592653589793;0.7;0.7;3;2.1539024816350785;0.49747928977012634;-0.16339433193206787;0.0806523934006691;0.5207850677939735;1.8990463626188328;4.304596662214138;0.1450470670830989;-0.13315300302448058;-0.057523294889737134;0.4841639894676783;-0.1691466614210416;3.7002933025360107;2;-0.14421404898166656;-0.11078435182571411;0.06367731839418411;0.18816575177326123;-2.2302364629256757;-1.1692973285815174;1.254952932916901;-1.1551543344945914;0.49043381544821035;-0.2597294824311257;-0.06174097028089308;3.737243413925171;2;
9;0.2;0.05;0.005000000000000001;0.005000000000000001;5.0;0.3;3.141592653589793;0.7;0.7;3;2.2613766574389857;0.5002082586288452;-0.1600477397441864;0.07805437594652176;0.5219884824484904;1.8925074794352021;4.300761718292122;0.16132217653547243;-0.1478470911270876;-0.06454519569573541;0.4854235495161365;-0.16650225931375995;3.7055718898773193;2;-0.17470429837703705;-0.107291579246521;0.06868894398212433;0.21190335916370195;-2.1293011703053986;-0.9734164752163972;1.2386778234645275;-1.0241539700837687;0.6967290692259609;-0.2771196953854139;-0.03761867232392491;3.7794721126556396;2;
10;0.2;0.05;0.005500000000000001;0.005500000000000001;5.0;0.3;3.141592653589793;0.7;0.7;3;2.3783035137681883;0.5000667572021484;-0.15733571350574493;0.08259950578212738;0.5206839222814297;1.8888666765785092;4.2941889751008535;0.18348716390003283;-0.16767450202139136;-0.07451711674478509;0.4832993070000093;-0.16478742518022343;3.7161290645599365;2;-0.21413958072662354;-0.09930580109357834;0.06942807137966156;0.24336351691375946;-2.016015116832889;-0.7211761010378713;1.216512836099967;-0.8032250023999755;0.9136372780899128;-0.2944620809666211;-0.007942073284587056;3.7583577632904053;2;
11;0.2;0.05;0.006000000000000002;0.006000000000000002;5.0;0.3;3.141592653589793;0.7;0.7;3;2.4702346646717257;0.49954813718795776;-0.15710796415805817;0.0914786234498024;0.5198018581089237;1.8899770078475673;4.2933060953612605;0.20536972283406263;-0.18759754444465887;-0.08356963787927973;0.4807883827434919;-0.16546492794598613;3.7266862392425537;2;-0.28094184398651123;-0.09945052117109299;0.08155553042888641;0.3057048155421083;-1.9229736346602935;-0.32366096232920866;1.1946302771659374;-0.3799396876540046;1.132602018745747;-0.3189358127519117;0.013809680703481722;3.7530791759490967;2;
12;0.2;0.05;0.006500000000000002;0.006500000000000002;5.0;0.3;3.141592653589793;0.7;0.7;3;2.534763385031027;0.496842622756958;-0.15865907073020935;0.1036490723490715;0.5174102882013835;1.8956850144062272;4.2935655931581165;0.22384552180941913;-0.20449812454103602;-0.09103479935348929;0.4763928103028544;-0.16776255066555829;3.7266862392425537;2;-0.35687360167503357;-0.09875354170799255;0.0927380695939064;0.37831029914127645;-1.8527369077423326;0.09126145275846242;1.1761544781905808;0.10718863216293469;1.171259985529599;-0.3461547384587401;0.018372456844967355;3.7689149379730225;2;
13;0.2;0.05;0.007000000000000003;0.007000000000000003;5.0;0.3;3.141592653589793;0.7;0.7;3;2.5842971341584713;0.49303990602493286;-0.16114181280136108;0.11560352891683578;0.5143019146968574;1.9038517966635704;4.294553097502585;0.24021488427666626;-0.21954901589622472;-0.09747522888945392;0.4710850044353104;-0.17088933569030648;3.7266862392425537;2;-0.44118207693099976;-0.09521946310997009;0.09845055639743805;0.4596911927812791;-1.7950363763575445;0.44955869786643887;1.1597851157233336;0.5040056402925793;1.0445476672735685;-0.39078151290174185;0.009235303617386753;3.7794721126556396;2;
14;0.2;0.05;0.007500000000000003;0.007500000000000003;5.0;0.3;3.141592653589793;0.7;0.7;3;2.612169947070366;0.4886884093284607;-0.16361336410045624;0.12570920586585999;0.5107074198069081;1.912456375773337;4.2947156371532;0.2504071112193827;-0.22888091064160757;-0.10157386520707352;0.46580031826429996;-0.1737707506211636;3.721407651901245;2;-0.5104898810386658;-0.09091845899820328;0.10243920981884003;0.527256777983965;-1.7585589843358835;0.6613440133347229;1.1495928887806173;0.7060547279090282;0.9072213242270448;-0.439884408247763;-0.00019632657549879806;3.7266862392425537;2;
15;0.2;0.05;0.008000000000000004;0.008000000000000004;5.0;0.3;3.141592653589793;0.7;0.7;3;2.629499233406072;0.48590996861457825;-0.16648462414741516;0.13307808339595795;0.508765979763832;1.9208588591531053;4.298495046504072;0.25714130240234306;-0.2354287319165963;-0.10341644738297996;0.4623670954229186;-0.17682626888571315;3.721407651901245;2;-0.5495448708534241;-0.08313847333192825;0.10342632979154587;0.5649446913957471;-1.7328272146204093;0.762151921920887;1.142858697597657;0.7891206612769156;0.8266889285701702;-0.47063280472573255;-0.00046958047491123256;3.721407651901245;2;
16;0.2;0.05;0.008500000000000004;0.008500000000000004;5.0;0.3;3.141592653589793;0.7;0.7;3;2.642309929021054;0.4847199022769928;-0.1688344031572342;0.13906508684158325;0.5081661990607413;1.9272673631865944;4.303466228428878;0.26232920616016764;-0.2407000822387965;-0.10430763545810218;0.46064989405311313;-0.1792651667030444;3.7055718898773193;2;-0.5593767166137695;-0.07315531373023987;0.10560502856969833;0.5737173132583845;-1.7136080149719386;0.7969628651490144;1.1376707938398323;0.8137040105461729;0.7950978671693364;-0.47800631555915224;0.006354472986693768;3.721407651901245;2;
17;0.2;0.05;0.009000000000000005;0.009000000000000005;5.0;0.3;3.141592653589793;0.7;0.7;3;2.655894429382162;0.4832320809364319;-0.17069169878959656;0.14375434815883636;0.5071342753188642;1.9329913042992035;4.306707152105034;0.26803544621933817;-0.24627995532537658;-0.10577893946778935;0.45860408540389425;-0.1812695927363755;3.7055718898773193;2;-0.5453966856002808;-0.05982005223631859;0.1170591413974762;0.5586518456018795;-1.694299573498221;0.7890834061183074;1.1319645537806617;0.8033641114001746;0.7974646421817462;-0.4650602744602633;0.019926411981856032;3.737243413925171;2;
18;0.2;0.05;0.009500000000000005;0.009500000000000005;5.0;0.3;3.141592653589793;0.7;0.7;3;2.6663198467998677;0.48180875182151794;-0.17158551514148712;0.14848320186138153;0.5058334912214275;1.9369152856744152;4.307482886109306;0.2725641348288121;-0.25052443363922494;-0.10737185732176022;0.45675630845759546;-0.18232270087366315;3.7055718898773193;2;-0.5229259133338928;-0.04884825274348259;0.13036225736141205;0.5356135470538878;-1.6799501747053043;0.7578178078546591;1.1274358651711878;0.7749295968109907;0.8188991085968162;-0.4454329536527938;0.03304165811619904;3.747800588607788;2;
19;0.2;0.05;0.010000000000000005;0.010000000000000005;5.0;0.3;3.141592653589793;0.7;0.7;3;2.6861610889648855;0.4793063998222351;-0.1709102839231491;0.1555442363023758;0.5029682174285588;1.9387269466640376;4.302287188348624;0.2815605358656271;-0.2582136045974071;-0.1122589406584304;0.4534850393624944;-0.18213617798899215;3.7161290645599365;2;-0.4947875142097473;-0.03428245708346367;0.14924587309360504;0.5067261296868405;-1.6582972715506634;0.7144329564305566;1.1184394641343727;0.7327893912636692;0.8449417394025484;-0.4215085750833804;0.05021171685679117;3.7530791759490967;2;
20;0.2;0.05;0.010500000000000006;0.010500000000000006;5.0;0.3;3.141592653589793;0.7;0.7;3;2.700990032591606;0.4764068126678467;-0.1713973730802536;0.163710355758667;0.5001557881538601;1.9430132412699932;4.299597050199193;0.288625156097635;-0.2643819015149372;-0.11578726563715994;0.44996862251635295;-0.1829760996439696;3.721407651901245;2;-0.46994349360466003;-0.02240678109228611;0.1681293547153473;0.4815691090476077;-1.6391820333179872;0.6687470799888067;1.111374843902365;0.6890562197124874;0.8719836980899026;-0.4010378716334113;0.06479158871670415;3.7530791759490967;2;
21;0.2;0.05;0.011000000000000006;0.011000000000000006;5.0;0.3;3.141592653589793;0.7;0.7;3;2.712032544225215;0.47262442111968994;-0.17264020442962646;0.17106899619102478;0.49681065896077936;1.94941595450257;4.297573179837522;0.2940857162844516;-0.26914447500164657;-0.118522825222094;0.4457099736195253;-0.18449248695183587;3.7161290645599365;2;-0.45301443338394165;-0.012657585553824902;0.18411697447299957;0.46461712812040945;-1.6217368084518016;0.6377194162531477;1.1059142837155482;0.6584222631271388;0.8885530520709559;-0.3871722070712278;0.07619771965327068;3.7583577632904053;2;
22;0.2;0.05;0.011500000000000007;0.011500000000000007;5.0;0.3;3.141592653589793;0.7;0.7;3;2.7157234343429537;0.4679294526576996;-0.17643971741199493;0.1779203563928604;0.49360832917841624;1.9613999574882945;4.301357217364087;0.29595024012262217;-0.27130026772340654;-0.1182485068059874;0.4407994258853589;-0.18826456809259368;3.710850477218628;2;-0.4413227438926697;-0.004475683905184269;0.19537261128425598;0.45310446903857027;-1.6060619153483382;0.6180960312289887;1.1040497598773777;0.6397797331847386;0.8997820654421603;-0.3773447705741958;0.08550252263903177;3.7530791759490967;2;
23;0.2;0.05;0.012000000000000007;0.012000000000000007;5.0;0.3;3.141592653589793;0.7;0.7;3;2.722127019792606;0.4627864956855774;-0.17993324995040894;0.18483459949493408;0.48994574916924144;1.973322527736656;4.303739012351872;0.29923308903374324;-0.27459367458955264;-0.1189064987630322;0.4353271282266221;-0.19182389982671216;3.710850477218628;2;-0.4283801317214966;0.00453949673101306;0.20504198968410492;0.4404433215795981;-1.5877357596503243;0.5952726391738031;1.1007669109662568;0.6172380047772872;0.9114302155056901;-0.36665633124376784;0.09568251828158207;3.747800588607788;2;
24;0.2;0.05;0.012500000000000008;0.012500000000000008;5.0;0.3;3.141592653589793;0.7;0.7;3;2.7312044907958724;0.4577299654483795;-0.18431586027145386;0.19095803797245026;0.48679174704133765;1.9870230674807847;4.309082593330706;0.3039933188202492;-0.27960344663149767;-0.11930570195567741;0.42976962078522973;-0.1962464304670216;3.7161290645599365;2;-0.4170078635215759;0.0150077436119318;0.21338601410388947;0.42951518437057834;-1.5649577489029292;0.5805078133638181;1.0960066811797506;0.6011033660791973;0.9164635227213955;-0.35689752691365617;0.10665409588407135;3.7425220012664795;2;
25;0.2;0.05;0.013000000000000008;0.013000000000000008;5.0;0.3;3.141592653589793;0.7;0.7;3;2.747745927357505;0.45161834359169006;-0.18891900777816772;0.19564734399318695;0.4828636837009361;2.002225884833462;4.313691956828529;0.31300115163589015;-0.2884517247808317;-0.12151264706340997;0.4227731711136069;-0.20107027248450873;3.710850477218628;2;-0.40722572803497314;0.028800712898373604;0.2194596230983734;0.42052268075648436;-1.5332134949886187;0.5799217371245189;1.0869988483641098;0.5956302270820393;0.909280555676354;-0.34766270532676924;0.11972876846600901;3.7319648265838623;2;
26;0.2;0.05;0.013500000000000009;0.013500000000000009;5.0;0.3;3.141592653589793;0.7;0.7;3;2.766135113838197;0.4466022551059723;-0.19339777529239655;0.20040321350097656;0.4799835963851491;2.01645439087118;4.320020503751349;0.3235466156215285;-0.29895901382288415;-0.12371709879476506;0.41670635372368386;-0.20576948517187305;3.7055718898773193;2;-0.3983927071094513;0.042462676763534546;0.2223646342754364;0.4129097223549734;-1.5005958024702102;0.5841448377805654;1.0764533843784714;0.5936492094932201;0.8979601911042271;-0.3390277861601293;0.13225869587395725;3.7319648265838623;2;
27;0.2;0.05;0.014000000000000009;0.014000000000000009;5.0;0.3;3.141592653589793;0.7;0.7;3;2.7837666549382716;0.44175422191619873;-0.19760678708553314;0.20340098440647125;0.47723275946627425;2.030188893593931;4.326103207046426;0.33421464548147295;-0.30958796673231065;-0.12591552767177036;0.41079542524296764;-0.2101983398527102;3.710850477218628;2;-0.3895896375179291;0.055132750421762466;0.2250833660364151;0.40568029120122706;-1.4692297586473833;0.5876763372925093;1.065785354518527;0.5909019851451005;0.8869798565118385;-0.33049943900341905;0.14383073607294633;3.7266862392425537;2;
28;0.2;0.05;0.01450000000000001;0.01450000000000001;5.0;0.3;3.141592653589793;0.7;0.7;3;2.808245395167552;0.4365522563457489;-0.20205777883529663;0.20931541919708252;0.4743683997281174;2.044874117223834;4.332709039417421;0.349990691958147;-0.3250655114057194;-0.12971467824375416;0.40404570520517696;-0.21502924665967205;3.710850477218628;2;-0.37865176796913147;0.07019663602113724;0.22517997026443481;0.39707735760343327;-1.4300657947882007;0.592619376913895;1.0500093080418529;0.5864676404268457;0.8709622573376521;-0.3200050039264469;0.15729286175490245;3.710850477218628;2;
29;0.2;0.05;0.01500000000000001;0.01500000000000001;5.0;0.3;3.141592653589793;0.7;0.7;3;2.8368496375655345;0.43207424879074097;-0.20661412179470062;0.21498475968837738;0.4722962502319887;2.059211479377729;4.341129679895461;0.36995418999853685;-0.34474966384904887;-0.13421539395107143;0.3975992824058361;-0.22003566118980777;3.7055718898773193;2;-0.36678650975227356;0.08592288196086884;0.22010846436023712;0.3883181610670022;-1.3871241902363232;0.5995110085100249;1.0300458100014631;0.5811918363081878;0.8504177915062024;-0.30866732612145475;0.17096466111148909;3.7002933025360107;2;
30;0.2;0.05;0.01550000000000001;0.01550000000000001;5.0;0.3;3.141592653589793;0.7;0.7;3;2.877088798076246;0.4269428849220276;-0.20904099941253662;0.21998675167560577;0.4687258345452506;2.0703633205765155;4.341943470831016;0.401081279966376;-0.37387439256651545;-0.1452037593262845;0.38955544566537603;-0.22356137534516507;3.710850477218628;2;-0.3545106053352356;0.10411401093006134;0.2108084112405777;0.38047377175524266;-1.3357331885268249;0.6176099654437689;0.9989187200336239;0.5784621486573359;0.8143832953863628;-0.296664390469502;0.18555234046869762;3.695014715194702;2;
31;0.2;0.05;0.01600000000000001;0.01600000000000001;5.0;0.3;3.141592653589793;0.7;0.7;3;2.9101525244815667;0.42193254828453064;-0.2130870670080185;0.2235756367444992;0.4661138466373952;2.084588211353741;4.3484893230212105;0.42954305551577576;-0.40141484179568326;-0.1528834893897159;0.38179106410496233;-0.2283754159469901;3.710850477218628;2;-0.3459252715110779;0.12099534273147583;0.20500311255455017;0.37684734860904556;-1.2884445713442794;0.6491956998761836;0.9704569444842241;0.5866857860908852;0.7730371721311833;-0.28725669290198935;0.19829905994459415;3.695014715194702;2;
32;0.2;0.05;0.01650000000000001;0.01650000000000001;5.0;0.3;3.141592653589793;0.7;0.7;3;2.9378072355143314;0.41589075326919556;-0.21613575518131256;0.22783732414245605;0.46220381693114027;2.0982312921107464;4.350451493309444;0.455468292170189;-0.4259596587381359;-0.16127533692452642;0.37329478739538197;-0.2322632888737652;3.7055718898773193;2;-0.33791694045066833;0.13538727164268494;0.19930915534496307;0.3738255623108914;-1.2471467795545084;0.6772620849619606;0.9445317078298109;0.591901885277669;0.736065421889006;-0.2787267519229014;0.20899381383158555;3.6897361278533936;2;
33;0.2;0.05;0.01700000000000001;0.01700000000000001;5.0;0.3;3.141592653589793;0.7;0.7;3;2.9769663474956123;0.40624335408210754;-0.21613048017024994;0.22676940262317657;0.4537182049262518;2.110430502556971;4.336520409986201;0.49557048274779447;-0.46097427990848866;-0.18191431123947455;0.3601459260912587;-0.23432191129419738;3.7055718898773193;2;-0.3270890414714813;0.1524457186460495;0.19321590662002563;0.3697875216395323;-1.1957884571270028;0.7107359242196738;0.9044295172522054;0.5900423024502691;0.6854508246375101;-0.2680848112264544;0.22099080110980052;3.695014715194702;2;
34;0.2;0.05;0.017500000000000012;0.017500000000000012;5.0;0.3;3.141592653589793;0.7;0.7;3;3.0087853723042786;0.3937363922595978;-0.21597963571548462;0.21987150609493256;0.4427940414621151;2.1262010273619456;4.317037892181344;0.5310400871833486;-0.490076401428497;-0.2045206467782485;0.3447287521167481;-0.23643170039330946;3.684457540512085;2;-0.31645283102989197;0.16767577826976776;0.1944451928138733;0.3661656151686147;-1.1481989075133632;0.7420915498867784;0.8689599128166513;0.5872700289985582;0.6404726716436501;-0.25772582813003614;0.23172304543413277;3.7055718898773193;2;
35;0.2;0.05;0.018000000000000013;0.018000000000000013;5.0;0.3;3.141592653589793;0.7;0.7;3;3.0255821237570157;0.3962392508983612;-0.22655104100704193;0.22959235310554504;0.45041108176618094;2.144743260417432;4.360354860350513;0.5507482476246386;-0.5169726610968363;-0.18990234316633897;0.3445419847886776;-0.24554127532367584;3.695014715194702;2;-0.309104859828949;0.17922385036945343;0.19562682509422302;0.36467892625111786;-1.112859923005138;0.7707156172470753;0.8492517523753613;0.5916302223364874;0.6092636694656104;-0.24994183759530023;0.24015021731601446;3.684457540512085;2;
36;0.2;0.05;0.018500000000000013;0.018500000000000013;5.0;0.3;3.141592653589793;0.7;0.7;3;3.0868207599619697;0.3967461884021759;-0.22830574214458466;0.2275717556476593;0.4516450524430812;2.1489272027048334;4.368468056193614;0.6274239107755055;-0.5906818689913846;-0.2115554146262257;0.33767800150303745;-0.24946128360720723;3.7055718898773193;2;-0.29570937156677246;0.19980841875076294;0.19836734235286713;0.36276751768906773;-1.047437344512787;0.8274619720984653;0.7725760892244944;0.5687829883642154;0.5228381449252596;-0.23883107273035092;0.2520922332432889;3.6897361278533936;2;
37;0.2;0.05;0.019000000000000013;0.019000000000000013;5.0;0.3;3.141592653589793;0.7;0.7;3;3.1001498848937876;0.38018298149108887;-0.23505964875221252;0.2402244657278061;0.441587421970882;2.18380708348405;4.370636454751001;0.6448779549670509;-0.6075838718159307;-0.21612361164770633;0.3194245943094958;-0.25667200991698313;3.7161290645599365;2;-0.28229501843452454;0.21278782188892365;0.2004103660583496;0.35823512955308234;-0.9992283388017477;0.8549095144784479;0.755122045032949;0.5697482931375949;0.4955766190626231;-0.22532018912076504;0.26234548379518596;3.684457540512085;2;
38;0.2;0.05;0.019500000000000014;0.019500000000000014;5.0;0.3;3.141592653589793;0.7;0.7;3;3.115564961791176;0.36668166518211365;-0.23917946219444275;0.24770016968250275;0.43295516257440725;2.2111436872668686;4.368632422321603;0.6652739992649912;-0.6263523121916157;-0.22421479681379694;0.30404643396295206;-0.26160094187582245;3.721407651901245;2;-0.27479588985443115;0.22708694636821747;0.1953464150428772;0.3601422095335295;-0.9564766581215457;0.9064286727302971;0.7347260007350087;0.578454793126233;0.4530036958627897;-0.21695041054180786;0.27238731595449645;3.695014715194702;2;
39;0.2;0.05;0.020000000000000014;0.020000000000000014;5.0;0.3;3.141592653589793;0.7;0.7;3;3.119418306601914;0.35320788621902466;-0.2434086799621582;0.2504228949546814;0.4247489000785725;2.2397321736872664;4.368224475165566;0.6703986953861034;-0.6310849643667463;-0.22619942202758142;0.29009938978235006;-0.26602862216491635;3.7161290645599365;2;-0.2665718197822571;0.23639234900474548;0.19765318930149078;0.35909477384265287;-0.9240348268904013;0.9340607255583686;0.7296013046138965;0.5866293368809624;0.4338018958060259;-0.20790888609416083;0.27977253858534806;3.695014715194702;2;
40;0.2;0.05;0.020500000000000015;0.020500000000000015;5.0;0.3;3.141592653589793;0.7;0.7;3;3.1308556269600265;0.3375175893306732;-0.24773548543453217;0.24663928151130676;0.4152715106906932;2.27303456834755;4.3666848138932535;0.6856506141375017;-0.645085516591908;-0.23233906462427792;0.27300903767148244;-0.27096939189695995;3.7002933025360107;2;-0.25470539927482605;0.24833238124847412;0.20675146579742432;0.3572752520611615;-0.8792951118720058;0.9704127810977785;0.7143493858624982;0.5894232423537588;0.4035781045291115;-0.19576307503945017;0.28869019170138527;3.721407651901245;2;
41;0.2;0.05;0.021000000000000015;0.021000000000000015;5.0;0.3;3.141592653589793;0.7;0.7;3;3.134394598116678;0.32414278388023376;-0.25220805406570435;0.24406521022319794;0.40809090681492394;2.3043027359608477;4.370584174857765;0.690378404039295;-0.6504408770844001;-0.23140658197536254;0.25909869617179376;-0.2753487122632406;3.695014715194702;2;-0.24438145756721497;0.25673601031303406;0.2262934446334839;0.3549630749511932;-0.8444879731020594;0.9945029118783606;0.709621595960705;0.595009332290186;0.3866868292836013;-0.18488052433819635;0.2954046932413942;3.737243413925171;2;
42;0.2;0.05;0.021500000000000016;0.021500000000000016;5.0;0.3;3.141592653589793;0.7;0.7;3;3.130921250799497;0.31344178318977356;-0.25656411051750183;0.2411338984966278;0.4031744713271343;2.3318527565641163;4.378913798579437;0.6857382563694955;-0.6479612956606658;-0.22446183545188042;0.24864565362370697;-0.27901029406268985;3.695014715194702;2;-0.2367280274629593;0.2622500956058502;0.24182449281215668;0.35304719613903873;-0.8204112998159804;1.0096512409210332;0.7142617436305044;0.6047270638085179;0.3800986933832017;-0.1762553210821075;0.3002599649441704;3.747800588607788;2;
43;0.2;0.05;0.022000000000000016;0.022000000000000016;5.0;0.3;3.141592653589793;0.7;0.7;3;3.142729031420405;0.2992801070213318;-0.26052090525627136;0.2394174188375473;0.39585643819014016;2.365556111586375;4.383288855320109;0.7015192193657458;-0.6638711793220979;-0.2267251031646303;0.23289298908912198;-0.28319341557273436;3.695014715194702;2;-0.22265538573265076;0.27184686064720154;0.26606127619743347;0.34968516059915133;-0.774900164172667;1.0393926806680378;0.6984807806342541;0.6021579277126562;0.35395088784778667;-0.16243959296138513;0.3072419494319802;3.7425220012664795;2;
44;0.2;0.05;0.022500000000000017;0.022500000000000017;5.0;0.3;3.141592653589793;0.7;0.7;3;3.1370679956777945;0.2874641418457031;-0.2645328938961029;0.23644284904003143;0.390632664587079;2.396153047479898;4.392430805949451;0.6939513494263223;-0.6587323289905892;-0.2182663375631885;0.2215909089466442;-0.28635952765242173;3.695014715194702;2;-0.21364560723304749;0.27600303292274475;0.2770199477672577;0.3464513465358375;-0.749964264021859;1.0490427408935432;0.7060486505736776;0.6121064232630896;0.3518954725156015;-0.15243496490673852;0.3111925801743049;3.737243413925171;2;
45;0.2;0.05;0.023000000000000017;0.023000000000000017;5.0;0.3;3.141592653589793;0.7;0.7;3;3.128207474238337;0.276082843542099;-0.26812857389450073;0.2360558807849884;0.3857548084382103;2.425990765834295;4.401850039931412;0.682114942246359;-0.6494887182333621;-0.20843512017733024;0.2111339717187628;-0.2889720859122338;3.7002933025360107;2;-0.20470348000526428;0.2779599726200104;0.2837909758090973;0.3418383571878736;-0.7289870671069512;1.0480272509571749;0.7178850577536409;0.6220042975160536;0.3584265754900283;-0.14250305025365892;0.3138026301690132;3.7319648265838623;2;
46;0.2;0.05;0.023500000000000017;0.023500000000000017;5.0;0.3;3.141592653589793;0.7;0.7;3;3.1213822268573725;0.2647297978401184;-0.27131280303001404;0.23571358621120453;0.38092834522571073;2.455823883611252;4.411121659778079;0.6730136859852701;-0.6427019593349907;-0.19970381315949803;0.20045960190661932;-0.29128318434596384;3.695014715194702;2;-0.19543203711509705;0.2802932858467102;0.28622710704803467;0.33745226111454113;-0.7059791967109542;1.0499344822896757;0.7269863140147298;0.630581112564707;0.36176865707435135;-0.13237392585862634;0.3164701515541453;3.7266862392425537;2;
47;0.2;0.05;0.024000000000000018;0.024000000000000018;5.0;0.3;3.141592653589793;0.7;0.7;3;3.1141219647988607;0.25324106216430664;-0.2743544280529022;0.23607653379440308;0.37625367682056465;2.486449686883983;4.421500896400982;0.6633572008607995;-0.635489265064726;-0.1902529104149776;0.18969213565783405;-0.29337971909439997;3.695014715194702;2;-0.18671326339244843;0.2831820249557495;0.28409481048583984;0.334029042793674;-0.6826136554967479;1.056713960220753;0.7366427991392004;0.6414275348842181;0.36223380711357067;-0.12257050990402661;0.31940540566710657;3.721407651901245;2;
48;0.2;0.05;0.02450000000000002;0.02450000000000002;5.0;0.3;3.141592653589793;0.7;0.7;3;3.116824661891939;0.24133117496967316;-0.2771592140197754;0.23369821906089783;0.37150240893129843;2.5183635647575393;4.432511217898078;0.6669483718086212;-0.6409968852115608;-0.18423659736124096;0.17723148644851708;-0.2955828737558995;3.695014715194702;2;-0.17643681168556213;0.28992122411727905;0.27713537216186523;0.3329024309047231;-0.6479970805301071;1.0858509120123923;0.7330516281913787;0.6485310656579091;0.3417193972701114;-0.11158370511977123;0.3240931638442902;3.7055718898773193;2;
49;0.2;0.05;0.02500000000000002;0.02500000000000002;5.0;0.3;3.141592653589793;0.7;0.7;3;3.1151741601960836;0.22888439893722534;-0.28015264868736267;0.23197753727436066;0.36699725766128916;2.5525714045402994;4.446605206767211;0.6647547496365352;-0.6414131675183966;-0.17460820627436144;0.1647430821853857;-0.2976134693147988;3.695014715194702;2;-0.16778285801410675;0.2976592481136322;0.26649653911590576;0.3339285790793871;-0.6154397424431977;1.123399646873834;0.7352452503634647;0.6628797690976245;0.31808173462667394;-0.1014948811043443;0.3294674215762996;3.7055718898773193;2;
50;0.2;0.05;0.02550000000000002;0.02550000000000002;5.0;0.3;3.141592653589793;0.7;0.7;3;3.1122882143271395;0.21408234536647797;-0.28397154808044434;0.23016265034675598;0.3624030077899856;2.5943127007223596;4.46755201986322;0.6609233152293236;-0.6412125055696273;-0.1602065894863272;0.14996109480951525;-0.29999220702907703;3.6897361278533936;2;-0.15908901393413544;0.30935314297676086;0.25509169697761536;0.3385937253449359;-0.5765843921300844;1.1848375076747168;0.7390766847706763;0.6847086617026844;0.27822364126891264;-0.090618147763867;0.33717550710365213;3.7002933025360107;2;
51;0.2;0.05;0.02600000000000002;0.02600000000000002;5.0;0.3;3.141592653589793;0.7;0.7;3;3.115484166879209;0.20201519131660461;-0.28675922751426697;0.2267029583454132;0.3588867258196407;2.6289891749795635;4.4861277428433075;0.6651666410178363;-0.6482128349001404;-0.14922057831838867;0.13719390782659058;-0.30168128534610583;3.6897361278533936;2;-0.1500210464000702;0.32050710916519165;0.24583439528942108;0.3431003441044817;-0.5387119653208133;1.244340025195426;0.7348333589821636;0.6960229233398478;0.23565261648974242;-0.08041875406608541;0.3440723708141659;3.695014715194702;2;
52;0.2;0.05;0.02650000000000002;0.02650000000000002;5.0;0.3;3.141592653589793;0.7;0.7;3;3.1025524108696136;0.19117005169391632;-0.2887667417526245;0.2260880321264267;0.35568152099904365;2.6602490812654134;4.502576874033651;0.6480437431907394;-0.6338321865120575;-0.13497204314230896;0.12778683304271057;-0.3022639460668554;3.6897361278533936;2;-0.1446913182735443;0.3252258896827698;0.2424164116382599;0.34430164771461125;-0.5203838150445602;1.2684009704233732;0.7519562568092605;0.7178368980101825;0.22393838440453545;-0.07290762847252606;0.34761972812322334;3.695014715194702;2;
53;0.2;0.05;0.02700000000000002;0.02700000000000002;5.0;0.3;3.141592653589793;0.7;0.7;3;3.0677894738325224;0.17866550385951996;-0.29120901226997375;0.2291376292705536;0.35250446883804804;2.6968215175218395;4.5243470784239745;0.6028988933993769;-0.5922710860835775;-0.11270331073918254;0.1194383952511622;-0.302479343343892;3.6897361278533936;2;-0.14377461373806;0.32625266909599304;0.24191159009933472;0.34455206958957524;-0.5185743158252242;1.2714037005305303;0.797101106600623;0.7616427048330731;0.23509692537015062;-0.0676103432547527;0.3497623616330081;3.695014715194702;2;
54;0.2;0.05;0.02750000000000002;0.02750000000000002;5.0;0.3;3.141592653589793;0.7;0.7;3;3.0330320613439574;0.16795329749584198;-0.29390016198158264;0.22933413088321686;0.3507494731275345;2.7295982339185296;4.548897034546383;0.5596928897305283;-0.5522293486626801;-0.09109817391419725;0.11273036262957396;-0.3030099793730024;3.7002933025360107;2;-0.14377461373806;0.32625266909599304;0.24191159009933472;0.3443663029436846;-0.5205550119170981;1.2685379086929343;0.8403071102694716;0.8022131698866141;0.2501401000037788;-0.0635532967493986;0.35126667909637094;3.695014715194702;2;
55;0.2;0.05;0.02800000000000002;0.02800000000000002;5.0;0.3;3.141592653589793;0.7;0.7;3;3.032426825020193;0.1545705944299698;-0.2967557907104492;0.23217549920082092;0.3485490481615536;2.7699615458565163;4.578896958424762;0.5589617341241276;-0.5539887430818742;-0.07439551568217806;0.09917172012178237;-0.304195342278667;3.6897361278533936;2;-0.13152556121349335;0.33382469415664673;0.23982156813144684;0.34493064264644063;-0.4807969363028759;1.310983731698101;0.8410382658758723;0.8128114567700626;0.21606226049642038;-0.05024441553648709;0.35543092020628875;3.7161290645599365;2;
56;0.2;0.05;0.028500000000000022;0.028500000000000022;5.0;0.3;3.141592653589793;0.7;0.7;3;3.023683552884049;0.14582492411136627;-0.29896023869514465;0.23246729373931885;0.3478438525315906;2.797553885609257;4.603156846349916;0.5484882869547152;-0.5452193515815296;-0.05979347445611829;0.09130298895321332;-0.3049395861407565;3.6897361278533936;2;-0.12467760592699051;0.33616146445274353;0.2423974573612213;0.3436843837981749;-0.46194786868627963;1.3238930376259144;0.8515117130452847;0.8256886949754636;0.208111451974732;-0.042108736429444155;0.3569726096502167;3.7266862392425537;2;
57;0.2;0.05;0.029000000000000022;0.029000000000000022;5.0;0.3;3.141592653589793;0.7;0.7;3;3.0250319711241964;0.13831983506679535;-0.30110907554626465;0.23476995527744293;0.3477395981147974;2.8217968787608707;4.626906724875636;0.5500925472592336;-0.5480839482784814;-0.04696590454386236;0.08351144023894722;-0.3058056660006509;3.695014715194702;2;-0.11550574749708176;0.33887404203414917;0.2474544197320938;0.341912025214487;-0.4363564572945199;1.3410107316433226;0.8499074527407663;0.8275678496172831;0.19358236620137642;-0.03274896253535345;0.3582322786542868;3.7319648265838623;2;
58;0.2;0.05;0.029500000000000023;0.029500000000000023;5.0;0.3;3.141592653589793;0.7;0.7;3;3.0520240709490034;0.130940243601799;-0.30358418822288513;0.2349959760904312;0.3481884539528712;2.845968292141427;4.65320035993932;0.5830188306894565;-0.5819978859643036;-0.03448793515974223;0.07274045500536866;-0.30703298173885935;3.6897361278533936;2;-0.09774735569953918;0.34334486722946167;0.25873011350631714;0.3386598444144263;-0.3851929440891578;1.3765476630498834;0.8169811693105434;0.801616185223403;0.15770137157267106;-0.017585737177198885;0.3591150043867288;3.7319648265838623;2;
59;0.2;0.05;0.030000000000000023;0.030000000000000023;5.0;0.3;3.141592653589793;0.7;0.7;3;3.106347935993698;0.12212073057889938;-0.3059305250644684;0.23242557048797607;0.34833252313339846;2.873946591844042;4.68185936989498;0.6530557061059122;-0.6527513871346788;-0.019934439326057436;0.056845591865431505;-0.30792396899707414;3.684457540512085;2;-0.06977707147598267;0.3492799997329712;0.25829851627349854;0.334507372447618;-0.30289077934184794;1.438760272795552;0.7469442938940877;0.7404428134629036;0.0983372674629355;0.004267209870307695;0.35911372647926476;3.7055718898773193;2;
60;0.2;0.05;0.030500000000000024;0.030500000000000024;5.0;0.3;3.141592653589793;0.7;0.7;3;3.1852372648558203;0.11225051432847977;-0.308361679315567;0.23029977083206177;0.34858339648000614;2.9048657130255693;4.713963304018887;0.7580184995138274;-0.7580175601415269;0.0011933659459846216;0.036448758314327076;-0.30824234272096857;3.684457540512085;2;-0.03652742877602577;0.3733195960521698;0.24691347777843475;0.3493106806922715;-0.19308232929819422;1.6194461836785434;0.6419815004861725;0.6412219266576176;-0.03121998942937893;0.027594763889735988;0.3701975971092319;3.7055718898773193;2;
61;0.2;0.05;0.031000000000000024;0.031000000000000024;5.0;0.3;3.141592653589793;0.7;0.7;3;3.196717717671528;0.10116667300462723;-0.31030261516571045;0.22888866066932678;0.3484405790367869;2.9388327851495935;4.747255967972268;0.7730357524077974;-0.7725659075906738;0.026947967071524713;0.02391008224555985;-0.307607818458558;3.6791789531707764;2;-0.02108009159564972;0.3811962902545929;0.2427404671907425;0.35404770532894336;-0.14763480435846418;1.6870956631003766;0.6269642475922025;0.6227290108428072;-0.07275126674907831;0.041192809488631;0.3739211635796851;3.7530791759490967;2;
62;0.2;0.05;0.03150000000000002;0.03150000000000002;5.0;0.3;3.141592653589793;0.7;0.7;3;3.1873937669733703;0.08801669627428055;-0.3099088668823242;0.22269155085086823;0.34605512760777274;2.9775407559027913;4.774667244304424;0.7608505411228281;-0.7593755073022035;0.0473538259955984;0.0120791455440602;-0.30517348428276436;3.6791789531707764;2;-0.011446122080087662;0.39298394322395325;0.23668764531612396;0.36402611253927375;-0.11825078430342166;1.7623669175017522;0.6391494588771718;0.6274571169133702;-0.12169468853546005;0.05129958961124936;0.3808144743704072;3.7266862392425537;2;
63;0.2;0.05;0.03200000000000002;0.03200000000000002;5.0;0.3;3.141592653589793;0.7;0.7;3;3.1385592511025826;0.06937275826931;-0.3072412312030792;0.21235725283622742;0.34129362140074837;3.031869379996108;4.806272793998891;0.6959447515391018;-0.6928799158619295;0.06524200633018258;8.476668311704905e-05;-0.30071703057006094;3.668621778488159;2;-0.010058315470814705;0.40341854095458984;0.22421854734420776;0.37379223435630504;-0.11275667608086229;1.811505523520384;0.7040552484608981;0.6837567390804942;-0.1678407419172887;0.058317358437234706;0.38663446676286095;3.7319648265838623;2;
64;0.2;0.05;0.03250000000000002;0.03250000000000002;5.0;0.3;3.141592653589793;0.7;0.7;3;3.112152583801034;0.05396352335810661;-0.3061187267303467;0.20714949071407318;0.3392982831188882;3.0782918201616805;4.843107802955037;0.6607433876342846;-0.6551062247657007;0.08612582989824742;-0.011547099118463452;-0.2975061437405219;3.6791789531707764;2;-0.0021905209869146347;0.40548545122146606;0.20445384085178375;0.37459522029682146;-0.09274090321686933;1.8350505374924375;0.7392566123657153;0.7135952127476209;-0.1930860203901646;0.06916900028784746;0.3861768491824496;3.695014715194702;2;
65;0.2;0.05;0.03300000000000002;0.03300000000000002;5.0;0.3;3.141592653589793;0.7;0.7;3;3.1679002066078827;0.05007701739668846;-0.3104752004146576;0.2131521850824356;0.3438994588874138;3.0919152176681868;4.878782301022385;0.735097855971627;-0.7249450826389885;0.121751735148346;-0.022417490867210385;-0.298300026899823;3.684457540512085;2;0.024465028196573257;0.3981459438800812;0.17447958886623383;0.36524567906514743;-0.02336988290352217;1.8627689830403886;0.6649021440283729;0.636762106282302;-0.1913867318715;0.08814123882480346;0.37900727069293116;3.6791789531707764;2;
66;0.2;0.05;0.03350000000000002;0.03350000000000002;5.0;0.3;3.141592653589793;0.7;0.7;3;3.218603918695482;0.044216644018888474;-0.30888086557388306;0.21558114886283875;0.3425485419180017;3.1103025103352704;4.890716441878922;0.8011811729587321;-0.7884758419505365;0.14211656681725174;-0.03463094017616518;-0.29466920889215786;3.7002933025360107;2;0.04964542016386986;0.38638216257095337;0.15431854128837585;0.3532513202424311;0.04572112185116678;1.8767369601315185;0.5988188270412678;0.5710121148284174;-0.18035839968867018;0.1067466316467116;0.36834632260208633;3.7161290645599365;2;
67;0.2;0.05;0.03400000000000002;0.03400000000000002;5.0;0.3;3.141592653589793;0.7;0.7;3;3.188559464146288;0.026501137763261795;-0.3123003840446472;0.22695644199848175;0.34638156550878363;-3.119941824346374;-1.3212658922578073;0.762379359126607;-0.7387673170793213;0.1882687930532238;-0.047375593944670336;-0.2934735047393248;3.6897361278533936;2;0.05794920399785042;0.3824760615825653;0.1380329430103302;0.34929805305530476;0.0686176397999128;1.8810866318575317;0.6376206408733929;0.6071710478425055;-0.1946879563034913;0.11866630878210097;0.36300726595221616;3.6897361278533936;2;
68;0.2;0.05;0.034500000000000024;0.034500000000000024;5.0;0.3;3.141592653589793;0.7;0.7;3;3.113506391390299;0.009010466746985912;-0.31355583667755127;0.2369166910648346;0.3489879392626152;-3.068489122608588;-1.2574824127545716;0.6625399159347555;-0.6302857531161078;0.20420335361030115;-0.05401810856462487;-0.29313550131652116;3.7055718898773193;2;0.050168197602033615;0.38231346011161804;0.12318407744169235;0.34816618941378047;0.04501726878170858;1.8521441192619852;0.7374600840652444;0.7084646988796008;-0.20475630889170132;0.1210146674899937;0.3618378292224479;3.7055718898773193;2;
69;0.2;0.05;0.035000000000000024;0.035000000000000024;5.0;0.3;3.141592653589793;0.7;0.7;3;3.0777548412731375;-0.008791770786046982;-0.31477001309394836;0.24041758477687836;0.3525007535429088;-3.017039149985974;-1.1895309679293375;0.6156761639222167;-0.5714672566788325;0.2290901860969729;-0.06593849645393023;-0.29186099448425107;3.695014715194702;2;0.05576607957482338;0.3766012489795685;0.10765865445137024;0.3422318561520961;0.06071569128716543;1.8396142688503012;0.7843238360777832;0.7561552494213313;-0.2083101500463519;0.13138160451695652;0.3557702339749333;3.7266862392425537;2;
70;0.2;0.05;0.035500000000000025;0.035500000000000025;5.0;0.3;3.141592653589793;0.7;0.7;3;3.203447611744771;-0.02286025509238243;-0.31563496589660645;0.23997536301612854;0.35595179961570494;-2.9768935645465335;-1.1333120296566037;0.7817639578678471;-0.7081376911792419;0.33120370793898696;-0.09367402421030661;-0.28251459510270777;3.6897361278533936;2;0.1108798161149025;0.36251121759414673;0.08196718245744705;0.3355867296391841;0.2265540471982363;1.9734410904538535;0.6182360421321528;0.5687943793669981;-0.242257626901075;0.1677592540516023;0.3382854549040392;3.658064603805542;2;
71;0.2;0.05;0.036000000000000025;0.036000000000000025;5.0;0.3;3.141592653589793;0.7;0.7;3;3.449234436273124;-0.03494519367814064;-0.3164166808128357;0.23812097311019897;0.35948676946608904;-2.9429372735936337;-1.083040080415532;1.0321476703144103;-0.9117854265894733;0.4837108115336237;-0.12612373633708795;-0.26804559965947333;3.684457540512085;2;0.2102336287498474;0.3502133786678314;0.05234045162796974;0.359287356751102;0.5062971626794905;2.365278080835575;0.3678523296855896;0.25773743755041806;-0.2624628540194975;0.2360073725048892;0.3239670932658817;3.6105573177337646;2;
72;0.2;0.05;0.036500000000000025;0.036500000000000025;5.0;0.3;3.141592653589793;0.7;0.7;3;3.5060646461138565;-0.04281368479132652;-0.31615763902664185;0.23449815809726715;0.3614665557960005;-2.920370744823074;-1.051403953961223;1.0698726495197157;-0.9287788473195898;0.5310342163759607;-0.1356915695232855;-0.2630542173890458;3.6791789531707764;2;0.20493632555007935;0.2904227077960968;0.10589617490768433;0.3047089386600174;0.5856939012907824;2.180030572145103;0.33012735048028424;0.27073296802942215;-0.1889119571575932;0.23200962235302156;0.2715315120803375;3.721407651901245;2;
73;0.2;0.05;0.037000000000000026;0.037000000000000026;5.0;0.3;3.141592653589793;0.7;0.7;3;3.6849896997991984;-0.050405267626047134;-0.3140508830547333;0.23242072761058807;0.36176843878686954;-2.8975725609089884;-1.027227205696041;1.1547978278625086;-0.9883547482685641;0.5972544807793001;-0.14924074245290353;-0.25432543497680327;3.684457540512085;2;0.24912360310554504;0.24826878309249878;0.16336791217327118;0.2993842375674846;0.7874171388902101;2.355134663250581;0.24520217213749135;0.17356777843055654;-0.17320026417885503;0.2664803809486007;0.2309487566746133;3.7530791759490967;2;
74;0.2;0.05;0.037500000000000026;0.037500000000000026;5.0;0.3;3.141592653589793;0.7;0.7;3;3.7542098690006993;-0.05928488448262215;-0.3095138669013977;0.22949975728988647;0.3602581542257933;-2.8695970066579735;-1.0061601127868687;1.1779350244185094;-0.9950998622112512;0.6303230806332442;-0.15879487070374726;-0.2464815588380733;3.6791789531707764;2;0.37479910254478455;0.3137277066707611;0.11821334809064865;0.4359729699305968;0.8846128623427262;3.0524934246096245;0.22206497558149046;0.019759649641752128;-0.22118410798708654;0.3767750675089598;0.2916092958720525;3.721407651901245;2;
75;0.2;0.05;0.03800000000000003;0.03800000000000003;5.0;0.3;3.141592653589793;0.7;0.7;3;3.8369754118294663;-0.07035492360591888;-0.30305442214012146;0.2276817262172699;0.35785319382531255;-2.833972306970421;-0.981595778856772;1.2008045973578472;-0.9983311673126258;0.6672829695173941;-0.17018804033718146;-0.23632612518838206;3.6791789531707764;2;0.43596434593200684;0.2918453514575958;0.03844583407044411;0.47203080735235947;1.003003104859046;3.2841589796282658;0.19919540264215274;-0.02830245358052944;-0.19717449012255953;0.4331341005739539;0.27212790244533985;3.6897361278533936;2;
76;0.2;0.05;0.03850000000000003;0.03850000000000003;5.0;0.3;3.141592653589793;0.7;0.7;3;3.904745773477083;-0.08289193361997604;-0.2959468960762024;0.2248520851135254;0.35579590756921703;-2.7934162769599644;-0.950557771836445;1.2164837061751168;-0.9899012377975068;0.7070559714736252;-0.18188205739972674;-0.22524129892883987;3.6739003658294678;2;0.47629305720329285;0.2551133930683136;0.04124794900417328;0.4884507375283339;1.111329496517119;3.4378011413134937;0.183516293824883;-0.053567657637700224;-0.17552417541304938;0.4709362914395228;0.23756097552700867;3.6791789531707764;2;
77;0.2;0.05;0.03900000000000003;0.03900000000000003;5.0;0.3;3.141592653589793;0.7;0.7;3;3.9107821351474596;-0.09969501197338104;-0.28785455226898193;0.22258849442005157;0.35506366286238444;-2.740287513551958;-0.9008290656596774;1.2177681070418318;-0.9545377834903672;0.7561856798548511;-0.19514879032241778;-0.21223598428349683;3.6791789531707764;2;0.4964838922023773;0.23258380591869354;0.05304355174303055;0.4967556758997352;1.1704946215955014;3.51851216060831;0.182231892958168;-0.06707190043355284;-0.16943973259937814;0.489776702159022;0.21563983265875572;3.684457540512085;2;
78;0.2;0.05;0.03950000000000003;0.03950000000000003;5.0;0.3;3.141592653589793;0.7;0.7;3;3.9082252628699305;-0.11891329288482666;-0.27839556336402893;0.21721923351287842;0.3551793357856665;-2.679291016636539;-0.8392950349338738;1.2172261391136057;-0.9058260936351068;0.8130919762432647;-0.20949590224833733;-0.19708636573970245;3.6633431911468506;2;0.4637826085090637;0.19047389924526215;0.06963811069726944;0.45034303606980974;1.2289342462333916;3.4443284938142007;0.18277386088639436;-0.05449087294042665;-0.17446211333555867;0.4583335212150211;0.17302768791170628;3.658064603805542;2;
79;0.2;0.05;0.04000000000000003;0.04000000000000003;5.0;0.3;3.141592653589793;0.7;0.7;3;3.918437204713566;-0.13383172452449799;-0.26992297172546387;0.21745680272579193;0.355344504466164;-2.630429444820119;-0.789666198123189;1.2193727237045189;-0.8658988709416011;0.8585388661072003;-0.2204216116186581;-0.18406908511474385;3.668621778488159;2;0.44523245096206665;0.15775078535079956;0.08514761179685593;0.4219935861638821;1.2880077598934476;3.406520727736216;0.18062727629548114;-0.04729541935924123;-0.17432543202171505;0.44050290902614253;0.14031824214862806;3.642228841781616;2;
80;0.2;0.05;0.04050000000000003;0.04050000000000003;5.0;0.3;3.141592653589793;0.7;0.7;3;3.875553820555231;-0.14841881394386292;-0.26099693775177;0.2166992425918579;0.35579589898655467;-2.581841620398542;-0.7389831550895842;1.2100239744098527;-0.8149955003924938;0.8943938466842247;-0.2299183639831123;-0.17155755308334755;3.668621778488159;2;0.4391782879829407;0.15388409793376923;0.0913277268409729;0.414488034776956;1.2937122001566894;3.3844169015031964;0.18997602559014726;-0.0456787805387234;-0.18440265537004458;0.43461040992906835;0.13544383239676477;3.647507429122925;2;
81;0.2;0.05;0.04100000000000003;0.04100000000000003;5.0;0.3;3.141592653589793;0.7;0.7;3;3.914771981191144;-0.15265010297298431;-0.25440287590026855;0.22729432582855225;0.3532183764636219;-2.561328705545411;-0.7304666881453017;1.2186077813594833;-0.8130762258448032;0.9076959709924094;-0.23395772555746464;-0.16363327880102763;3.684457540512085;2;0.5382291078567505;0.15080894529819489;0.0835343450307846;0.5092099666812522;1.353443275645733;3.732140668493521;0.18139221864051658;-0.10100214534239757;-0.1506708452872093;0.5281288933225108;0.13574186076947395;3.6369502544403076;2;
82;0.2;0.05;0.04150000000000003;0.04150000000000003;5.0;0.3;3.141592653589793;0.7;0.7;3;3.9114080958924977;-0.16451840102672577;-0.2425430864095688;0.22856386005878448;0.3508903767541689;-2.5140833489789283;-0.6941227596948432;1.2179003270894078;-0.779104754419394;0.9360966768264815;-0.24242887646866518;-0.14893341872692065;3.6791789531707764;2;0.6694822311401367;0.15154311060905457;0.0649542510509491;0.6375509146885924;1.3973247469135697;4.004028482580986;0.18209967291059226;-0.13829187068425988;-0.11847214599555723;0.6556530440717108;0.13969589600949883;3.684457540512085;2;
83;0.2;0.05;0.04200000000000003;0.04200000000000003;5.0;0.3;3.141592653589793;0.7;0.7;3;3.858000587731276;-0.17747840285301208;-0.22922496497631073;0.22558829188346863;0.34890364134716345;-2.4612600331033394;-0.6506509953417823;1.2059303090267872;-0.7304374441758559;0.9595462731808643;-0.2505221472705977;-0.1332703376582243;3.6739003658294678;2;0.7656846642494202;0.16924911737442017;0.06914085149765015;0.7347869290769705;1.3967405546279368;4.107198240135087;0.1940696909732127;-0.1596016711991403;-0.11040992484772275;0.7497244971295062;0.1582081248896479;3.7002933025360107;2;
84;0.2;0.05;0.04250000000000003;0.04250000000000003;5.0;0.3;3.141592653589793;0.7;0.7;3;3.7292404141089346;-0.19159984588623047;-0.21507491171360016;0.22250337898731232;0.34806259923787536;-2.403903370783282;-0.5972661347970568;1.1700628527765842;-0.658024638879371;0.9674971080449551;-0.25740230977416756;-0.11832520090910464;3.668621778488159;2;0.7946460843086243;0.23092065751552582;0.04894746467471123;0.775387694201668;1.3253370433256526;4.068698959930799;0.22993714722341585;-0.18392365181153408;-0.1379970361187239;0.7762537191274709;0.21712095390365344;3.5366568565368652;2;
85;0.2;0.05;0.04300000000000003;0.04300000000000003;5.0;0.3;3.141592653589793;0.7;0.7;3;3.549925207341795;-0.20429518818855286;-0.20126096904277802;0.2203035056591034;0.3475893138445553;-2.3500218880075723;-0.5456230781305724;1.0949110069017123;-0.5682049440028074;0.9359344286034614;-0.2611156825888336;-0.10766752618243187;3.6633431911468506;2;0.7707430124282837;0.32601261138916016;0.002510620281100273;0.7808367501235485;1.1999033193342226;3.947322833245976;0.30508899309828763;-0.22007184066203458;-0.21129997315984464;0.7487358283620802;0.3048826140731757;3.3413491249084473;2;
86;0.2;0.05;0.04350000000000003;0.04350000000000003;5.0;0.3;3.141592653589793;0.7;0.7;3;2.6288491305684207;-0.21929360926151276;-0.18235497176647186;0.2161657065153122;0.3465125529332617;-2.2807445271283524;-0.48144717322256936;0.25688287725527864;-0.1189527828671483;0.22768190107057612;-0.23118888754822758;-0.15958678165941426;3.6633431911468506;2;0.37326791882514954;0.952246904373169;0.5191847085952759;0.966730477689665;0.34810460344006844;3.1982668042391573;1.1431171227447212;-0.06475051635971464;-1.1412817912081663;0.3667928671891781;0.8381187252523523;3.357184886932373;2;
87;0.2;0.05;0.04400000000000003;0.04400000000000003;5.0;0.3;3.141592653589793;0.7;0.7;3;2.3415598355933964;-0.23101533949375153;-0.1633508801460266;0.2122940719127655;0.344423902268985;-2.216827751703855;-0.42746035858788484;0.1759257928558614;-0.07293197498521511;0.16009625734763264;-0.23830853699227303;-0.14734125441126333;3.6527860164642334;2;0.22276565432548523;1.4697567224502563;0.7598755359649658;1.4369201059135182;0.1247320838895413;3.0921925078664945;1.2240742071441386;0.0604448525293093;-1.2225809111867654;0.22881013957841617;1.3474986313315798;3.7583577632904053;2;
88;0.2;0.05;0.04450000000000003;0.04450000000000003;5.0;0.3;3.141592653589793;0.7;0.7;3;2.198075273108187;-0.23996540904045105;-0.15195588767528534;0.2093382030725479;0.3457101166336263;-2.1751953696141837;-0.3797076849047716;0.1513376774529559;-0.05609315742979431;0.14055835196249003;-0.24557472478343048;-0.13790005247903633;3.658064603805542;2;0.08905871212482452;1.9916645288467407;0.9897676706314087;1.9476743006019186;0.022879903494002887;3.0436802778603025;1.2486623225470441;0.12206424120176688;-1.242681743958772;0.10126513624500122;1.8673963544508636;3.790029287338257;2;
89;0.2;0.05;0.04500000000000003;0.04500000000000003;5.0;0.3;3.141592653589793;0.7;0.7;3;2.1390714753109457;-0.24549992382526398;-0.1472454071044922;0.20848791301250458;0.34835111926798246;-2.155404310981126;-0.34740368464342086;0.143046641716008;-0.04870133730938919;0.13450100910589874;-0.2503700575562029;-0.1337953061939023;3.6633431911468506;2;0.006892280653119087;2.3779892921447754;1.2919292449951172;2.3333005026219835;-0.016332835670180634;3.027212967662625;1.256953358283992;0.14345665189704118;-1.2487401386709314;0.021237945842823205;2.2531152782776824;3.8058650493621826;0;
90;0.2;0.05;0.045500000000000033;0.045500000000000033;5.0;0.3;3.141592653589793;0.7;0.7;3;2.102219884127132;-0.24905657768249512;-0.14831121265888214;0.20868469774723053;0.3525994379013249;-2.1527582858449525;-0.32478854688296754;0.1382995445151507;-0.04413254568222697;0.13106899871710434;-0.25346983225071784;-0.1352043127871717;3.6739003658294678;2;-0.099685899913311;2.915837526321411;1.557979702949524;2.8740070390558468;-0.050538401717820786;3.0135101876737216;1.2617004554848492;0.16116021869691396;-1.2513654235594969;-0.08356987804361961;2.7907009839654613;4.053959369659424;0;
91;0.2;0.05;0.046000000000000034;0.046000000000000034;5.0;0.3;3.141592653589793;0.7;0.7;3;2.1616647298422844;-0.25031667947769165;-0.15145042538642883;0.21235814690589905;0.3560761786780559;-2.158579214179217;-0.314421016911585;0.14611570775673244;-0.04518860941499442;0.13895247256666546;-0.2548355404191911;-0.13755517812976228;3.6791789531707764;2;0.054497357457876205;2.7999417781829834;2.4955456256866455;2.75395488755815;0.003085515663067241;3.063356817733535;1.2538842922432676;0.09799864180175251;-1.2500488328619055;0.06429722163805146;2.674936894896793;4.053959369659424;0;
92;0.2;0.05;0.046500000000000034;0.046500000000000034;5.0;0.3;3.141592653589793;0.7;0.7;3;2.1606706923239165;-0.2502114474773407;-0.15286844968795776;0.21390469372272491;0.35747092440515843;-2.162431902633915;-0.3118200374759636;0.14597801040990122;-0.04478480008270563;0.1389384799282953;-0.25468992748561126;-0.13897460169512824;3.6739003658294678;2;0.04106016084551811;3.135190486907959;2.875397205352783;3.088695277259599;-0.0017612103099988769;3.068235899418748;1.2540219895900986;0.09190850115984395;-1.2506494224162341;0.05025101096150251;3.0101255446663355;4.059237957000732;0;
93;0.2;0.05;0.047000000000000035;0.047000000000000035;5.0;0.3;3.141592653589793;0.7;0.7;3;2.157385725138765;-0.24964052438735962;-0.15147756040096283;0.2148674577474594;0.35691587621108367;-2.1604709090435232;-0.31242448898055736;0.1455247402826687;-0.04472945334449511;0.13848005646244088;-0.25411346972180915;-0.13762955475471875;3.6739003658294678;2;0.036575574427843094;3.425856113433838;3.216282606124878;3.378872194081589;-0.003085183904757762;3.0736397560110746;1.2544752597173312;0.08517963930834342;-1.2515800439005753;0.04509353835867744;3.3006981090437804;4.059237957000732;0;
94;0.2;0.05;0.047500000000000035;0.047500000000000035;5.0;0.3;3.141592653589793;0.7;0.7;3;2.1485478585478814;-0.24928392469882965;-0.14710040390491486;0.21460270881652832;0.35489437183420736;-2.151166224849888;-0.3124947617425144;0.14431863350792207;-0.04436838694674856;0.13732921836716874;-0.2537207633935045;-0.13336748206819798;3.668621778488159;2;0.03791807219386101;3.706997871398926;3.5571048259735107;3.659510415904531;-0.002618366302006199;3.0795119841577945;1.2556813664920778;0.0779034771924522;-1.2532624395539576;0.04570841991310623;3.58167162744353;4.064516544342041;0;
95;0.2;0.05;0.048000000000000036;0.048000000000000036;5.0;0.3;3.141592653589793;0.7;0.7;3;2.133867554847769;-0.2503145635128021;-0.14077945053577423;0.21495141088962555;0.3530286953611881;-2.134999327661364;-0.305023212858551;0.1423572983185517;-0.042752077120941465;0.13578608281558974;-0.2545897712248963;-0.12720084225421527;3.668621778488159;2;0.0435563288629055;3.9742908477783203;3.8918187618255615;3.9262933623916814;-0.0011317728135945366;3.0853639647095816;1.2576427016814482;0.07067834290720021;-1.2556551026999827;0.05062416315362552;3.848725337508322;4.064516544342041;0;
96;0.2;0.05;0.048500000000000036;0.048500000000000036;5.0;0.3;3.141592653589793;0.7;0.7;3;2.113741359905414;-0.2544608414173126;-0.13397565484046936;0.2128281146287918;0.35367023629610705;-2.112910955453722;-0.279940217676939;0.13975062221281231;-0.038612844519896904;0.13431040409048906;-0.2583221258693023;-0.12054461443142045;3.668621778488159;2;0.051973678171634674;4.23161506652832;4.22416877746582;4.183116508807312;0.0008304044516919337;3.0909635076131443;1.2602493777871877;0.06377809438874205;-1.2586345175979938;0.05835148761050888;4.105751614768521;4.06979513168335;0;
97;0.2;0.05;0.04900000000000004;0.04900000000000004;5.0;0.3;3.141592653589793;0.7;0.7;3;2.0964981852744757;-0.25844237208366394;-0.12819290161132812;0.2142062783241272;0.35484945615552504;-2.093640889876096;-0.25517828382782687;0.13758970687519112;-0.03473010808253834;0.13313431950694088;-0.2619153828919178;-0.11487946966063403;3.6739003658294678;2;0.06166117638349533;4.480163097381592;4.554605007171631;4.431181185754407;0.0028572953983794025;3.096075413886858;1.262410293124809;0.05744159235546835;-1.26110277600802;0.06740533561904216;4.35405281978079;4.06979513168335;0;
98;0.2;0.05;0.04950000000000004;0.04950000000000004;5.0;0.3;3.141592653589793;0.7;0.7;3;2.0962212416401105;