i;T_Z;v_z;CX;CY;k;R;D_12;v_f;v_cruis;k_f;p12;px_1;py_1;pz_1;d_1;phi_1;angle_1;v1;vx1;vy1;setPx1;setPy1;px_2;py_2;pz_2;d_2;phi_2;angle_2;v2;vx2;vy2;setPx2;setPy2;
0;0.2;0.05;0.75;-0.25;5.0;0.5;3.141592653589793;0.3;0.3;0.1;4.104974990926321;0.8548099398612976;-0.2447924017906189;0.0034045709762722254;0.10493923276277167;1.5211510431171555;1.9897871223411259;0.3183426407403113;0.2908059987890884;-0.12951412271175536;0.8838905397402065;-0.2577438140617944;0.5139111280441284;0.056051041930913925;0.016942327842116356;0.3865296828555266;-0.6570592731361093;0.3976697568373676;0.28165735925968866;0.1090777246121385;0.25967848971098817;0.5248189005053423;0.08201889090201274;
1;0.2;0.05;0.75;-0.25;5.0;0.5;3.141592653589793;0.3;0.3;0.1;3.8313104306860732;0.8754435181617737;-0.2781258523464203;0.004154757130891085;0.12855792398376648;1.7913599317468856;2.2852861239200353;0.31315181076437315;0.23656353362105761;-0.2051871125234831;0.8990998715238795;-0.2986445635987686;0.5106762647628784;0.058037564158439636;0.02736886776983738;0.39008074956412897;-0.6605149447466273;0.4077482031003038;0.2868481892356268;0.1137476843341016;0.26333125142372976;0.5220510331962885;0.08437068930081261;
2;0.2;0.05;0.75;-0.25;5.0;0.5;3.141592653589793;0.3;0.3;0.1;3.792077046736876;0.8789639472961426;-0.28095516562461853;0.01576134003698826;0.1326270032122034;1.8063693021218397;2.3049074192331043;0.31240585885396255;0.23193840406248759;-0.20928926720505336;0.9021577877023913;-0.30188409234512387;0.5022473335266113;0.05342157185077667;0.044984083622694016;0.3917218834952551;-0.6847389583208708;0.3898480954083953;0.28759414114603743;0.10929955307728756;0.2660150328809109;0.5131772888343401;0.08002307513886776;
3;0.2;0.05;0.75;-0.25;5.0;0.5;3.141592653589793;0.3;0.3;0.1;3.705016682030461;0.8720980882644653;-0.2907894253730774;0.03211783990263939;0.12873119427746724;1.8932105968392527;2.3873315788516973;0.31074924154611705;0.21278564985322895;-0.226467124188095;0.8933766532497882;-0.3134361377918869;0.5040527582168579;0.05107581987977028;0.0620427243411541;0.38876303200923207;-0.6849580283098723;0.37825905429229334;0.28925075845388293;0.10682121722287322;0.26880332739229673;0.5147348799391452;0.07795615261899995;
4;0.2;0.05;0.75;-0.25;5.0;0.5;3.141592653589793;0.3;0.3;0.1;3.6001354583512346;0.8476487994194031;-0.29553496837615967;0.05669121444225311;0.1077437764934415;2.007133563976611;2.478646606092661;0.3087513923119269;0.19001843315338995;-0.2433524549218357;0.866650642734742;-0.31987021386834324;0.5029841661453247;0.05802691727876663;0.07153075933456421;0.39483845296928805;-0.6759162848517408;0.4108000435183968;0.2912486076880731;0.11630807436428052;0.2670171966707652;0.5146149735817528;0.08472863694584315;
5;0.2;0.05;0.75;-0.25;5.0;0.5;3.141592653589793;0.3;0.3;0.1;3.3948651452808156;0.8129245638847351;-0.2985094487667084;0.07592800259590149;0.07945229612625436;2.227548802091299;2.6714623537391646;0.3048361143836737;0.1380915075022647;-0.2717642216854312;0.8267337146349616;-0.3256858709352515;0.5049281120300293;0.06526921689510345;0.07942663878202438;0.39931805543303156;-0.6607713598074717;0.4436533017765569;0.2951638856163263;0.12669672069528606;0.2665889351364539;0.5175977840995579;0.09192811040874885;
6;0.2;0.05;0.75;-0.25;5.0;0.5;3.141592653589793;0.3;0.3;0.1;3.2236687458503908;0.7950642108917236;-0.3010881245136261;0.08072533458471298;0.06812326746137114;2.418762402368039;2.8524526977720503;0.30156750269759086;0.08598533510341416;-0.2890492705931206;0.8036627444020651;-0.3299930515729382;0.5075958371162415;0.07506199926137924;0.08790656179189682;0.4054936270117949;-0.6407541589611573;0.4886095334869063;0.2984324973024091;0.14008379025663925;0.26351183494007685;0.5216042161419053;0.10141318275538692;
7;0.2;0.05;0.75;-0.25;5.0;0.5;3.141592653589793;0.3;0.3;0.1;3.228580880705228;0.7837620377540588;-0.3064402639865875;0.08582769334316254;0.06576761050990208;2.602504625601048;3.0341243340825397;0.3016613108576623;0.03235666655135244;-0.29992097725575606;0.786997704409194;-0.3364323617121631;0.5096980929374695;0.08231161534786224;0.09012743830680847;0.41009269224529543;-0.62607625510418;0.522251627136666;0.2983386891423377;0.14882114807528454;0.2585696024762436;0.5245802077449979;0.10816857559548661;
8;0.2;0.05;0.75;-0.25;5.0;0.5;3.141592653589793;0.3;0.3;0.1;3.1914439875986145;0.7888008952140808;-0.3116661608219147;0.08409258723258972;0.07285756556410819;2.579972460472087;3.0178808779469843;0.30095208246040983;0.037136420728407914;-0.29865204200329853;0.7925145372869216;-0.3415313650222445;0.5111610293388367;0.09065762907266617;0.09512890875339508;0.41604287537691864;-0.611471527126528;0.5618790533785321;0.29904791753959015;0.15932594111920204;0.2530709415781395;0.5270936234507568;0.11596472323048011;
9;0.2;0.05;0.75;-0.25;5.0;0.5;3.141592653589793;0.3;0.3;0.1;3.2174397112740145;0.7902618646621704;-0.31784752011299133;0.07670074701309204;0.0788942566449402;2.6060277335034634;3.0494271882861375;0.30144854432118573;0.02774382819213146;-0.3001691271110461;0.7930362474813836;-0.34786443282409596;0.5114740133285522;0.09025432169437408;0.09839621186256409;0.4155329707126575;-0.6114119777705522;0.5597730200372266;0.29855145567881425;0.1585289941304841;0.2529852361461355;0.5273269127416007;0.11555284530898763;
10;0.2;0.05;0.75;-0.25;5.0;0.5;3.141592653589793;0.3;0.3;0.1;3.250302677988112;0.7870910167694092;-0.31834155321121216;0.06792693585157394;0.07775803122706706;2.6443480822632703;3.086704212372211;0.30207612674752393;0.01657216352777643;-0.30162120241586926;0.7887482331221868;-0.3485036734527991;0.5124544501304626;0.09282097965478897;0.09960375726222992;0.4170780650601157;-0.6059545957248414;0.5718045937086516;0.29792387325247605;0.1612216405911045;0.25053186795070626;0.5285766141895731;0.1178741664498596;
11;0.2;0.05;0.75;-0.25;5.0;0.5;3.141592653589793;0.3;0.3;0.1;3.333155575012187;0.7808699011802673;-0.32212501764297485;0.05894266068935394;0.07845361029856372;2.73717911316525;3.180173404998207;0.303658134879318;-0.011712452895924578;-0.3034321692331695;0.7796986558906749;-0.3524682345662918;0.5141543745994568;0.09772860258817673;0.10818251222372055;0.420164658293031;-0.5959764618469368;0.5950234232841795;0.296341865120682;0.1661079581060057;0.2454111800164327;0.5307651704100573;0.12226972058982;
12;0.2;0.05;0.75;-0.25;5.0;0.5;3.141592653589793;0.3;0.3;0.1;3.4600683785663504;0.7712709903717041;-0.32569289207458496;0.06103016063570976;0.07862486211121705;2.8676411246822373;3.3107927959811403;0.30608038314946157;-0.05154209010996297;-0.30170948592316027;0.7661167813607078;-0.35586384066690097;0.515313982963562;0.09867644309997559;0.11872096359729767;0.42030083103091503;-0.5924272538841128;0.5991600534549344;0.2939196168505384;0.16575568473065977;0.2427216392269907;0.531889551436628;0.12294860702267466;
13;0.2;0.05;0.75;-0.25;5.0;0.5;3.141592653589793;0.3;0.3;0.1;3.526016235196588;0.7678006887435913;-0.3332575261592865;0.06706900149583817;0.08513918123819664;2.93096111905061;3.3801778502138387;0.3073383361131115;-0.07263269632197969;-0.29863245682573586;0.7605374191113934;-0.3631207718418601;0.5152117013931274;0.09685719013214111;0.12710613012313843;0.4188501587788576;-0.5950551161459778;0.5902884678919886;0.29266166388688847;0.1628956868266447;0.2431375016782022;0.531501270075792;0.12117094029996134;
14;0.2;0.05;0.75;-0.25;5.0;0.5;3.141592653589793;0.3;0.3;0.1;3.4991231529528526;0.7703337669372559;-0.34099268913269043;0.08468987047672272;0.09323696452296738;2.9217388291255264;3.3787137581661404;0.3068254222760135;-0.07207490706578124;-0.2982399160513445;0.7631262762306777;-0.37081668073782487;0.5164989233016968;0.1084403321146965;0.13606031239032745;0.4277875927440636;-0.5773843238273264;0.6469165528534848;0.2931745777239865;0.17670477618690075;0.23393750254368173;0.5341694009203869;0.1318340823690647;
15;0.2;0.05;0.75;-0.25;5.0;0.5;3.141592653589793;0.3;0.3;0.1;3.4229016209077585;0.7757343649864197;-0.3519591987133026;0.10250551253557205;0.10515671991609947;2.8943577066900694;3.363215726196616;0.30537118899563637;-0.0671246449164378;-0.2979024087070308;0.7690219004947759;-0.3817494395840057;0.5241454839706421;0.136761873960495;0.14970296621322632;0.44787834236574703;-0.5285439142176891;0.787314666868986;0.2946288110043636;0.2087329202379763;0.2079343749426045;0.5450187759944397;0.15755531145475543;
16;0.2;0.05;0.75;-0.25;5.0;0.5;3.141592653589793;0.3;0.3;0.1;3.3439949673216383;0.7838531732559204;-0.36210355162620544;0.12034953385591507;0.11710355941091062;2.848319169879858;3.3296742729710913;0.3038650717070858;-0.056815077803713;-0.2985063294767976;0.7781716654755491;-0.3919541845738852;0.5305820107460022;0.1558028608560562;0.16236205399036407;0.46132441501315236;-0.4956757974417803;0.8841003820393535;0.29613492829291416;0.22901445292123765;0.18774524257151132;0.553483456038126;0.17457738511320733;
17;0.2;0.05;0.75;-0.25;5.0;0.5;3.141592653589793;0.3;0.3;0.1;3.296155865368339;0.7888972759246826;-0.367193341255188;0.1342180371284485;0.12347986600622728;2.821126458631653;3.3094058885354185;0.3029517048639421;-0.05060102471897941;-0.2986959520605499;0.7838371734527847;-0.39706293646124297;0.5353381037712097;0.1673789918422699;0.16798941791057587;0.46934523809644596;-0.47502940673668564;0.9436767506353978;0.2970482951360579;0.2405262843318629;0.1743123523699523;0.5593907322043961;0.18481022707926512;
18;0.2;0.05;0.75;-0.25;5.0;0.5;3.141592653589793;0.3;0.3;0.1;3.2696745472097;0.7901915907859802;-0.3675392270088196;0.138125941157341;0.12422090748234982;2.8121144686536383;3.301210525223133;0.30244605022672505;-0.048071061773162685;-0.2986013836500887;0.785384484608664;-0.3973993653738285;0.5412824749946594;0.17386630177497864;0.17882035672664642;0.47246761478936544;-0.457560078556062;0.9764341677771022;0.29755394977327493;0.24652518683024788;0.1666243838217804;0.5659349936776842;0.19052874015715668;
19;0.2;0.05;0.75;-0.25;5.0;0.5;3.141592653589793;0.3;0.3;0.1;3.266515240053497;0.7886264324188232;-0.3644874393939972;0.14297066628932953;0.1208278736898076;2.816199354663723;3.301576728665517;0.30238572155943394;-0.04817079689540732;-0.2985242015808449;0.7838093527292825;-0.3943398595520817;0.5452529191970825;0.17351704835891724;0.18311293423175812;0.4704126458206304;-0.45031588538977374;0.973608929957643;0.29761427844056604;0.2461033370776941;0.16735413413155245;0.569863252904852;0.19025246177207247;
20;0.2;0.05;0.75;-0.25;5.0;0.5;3.141592653589793;0.3;0.3;0.1;3.300544845635134;0.7830386161804199;-0.36107495427131653;0.15256653726100922;0.11588440630858046;2.8524821497167956;3.332533879638566;0.3030355076183177;-0.057511017788441234;-0.2975281528031072;0.7772875144015758;-0.39082776955162724;0.5491719245910645;0.16781042516231537;0.1830345243215561;0.46357034767850697;-0.4480626959183388;0.9425606324198945;0.29696449238168227;0.24026377943383107;0.17453144710246804;0.5731983025344476;0.18526356987256218;
21;0.2;0.05;0.75;-0.25;5.0;0.5;3.141592653589793;0.3;0.3;0.1;3.3556297750317152;0.7762532234191895;-0.3599918782711029;0.1584724634885788;0.11308158570476007;2.907293042104615;3.3843728797539114;0.3040871838434333;-0.0731032412218301;-0.2951693268290134;0.7689428992970064;-0.38950881095400425;0.5519489049911499;0.16174407303333282;0.17837387323379517;0.4568997897923385;-0.44833673292710036;0.9102045699189764;0.29591281615656667;0.2336614231026086;0.18156743683649268;0.5753150473014108;0.1799008167169821;
22;0.2;0.05;0.75;-0.25;5.0;0.5;3.141592653589793;0.3;0.3;0.1;3.3403255713659656;0.7793635725975037;-0.3656792640686035;0.1652746945619583;0.1193478593488068;2.8930068201770682;3.376778387702892;0.3037950195874541;-0.07079141234165404;-0.29543187008989996;0.7722844313633382;-0.3952224510775935;0.5545322299003601;0.15743465721607208;0.18000513315200806;0.4518967238744975;-0.44731875118889836;0.8874443951090093;0.2962049804125459;0.22969531649352326;0.18702259757081996;0.5775017615497124;0.1761369169731541;
23;0.2;0.05;0.75;-0.25;5.0;0.5;3.141592653589793;0.3;0.3;0.1;3.294712580588371;0.7873194217681885;-0.3741473853588104;0.17003722488880157;0.1296353058874816;2.849580189183933;3.34471986027246;0.3029241466774063;-0.061109865074902577;-0.2966961796699816;0.7812084352606982;-0.4038170033258086;0.5565930008888245;0.15540958940982819;0.18335218727588654;0.44918059006443695;-0.4451323914044373;0.8768329582587464;0.2970758533225937;0.2283672981580919;0.1900064203107894;0.5794297307046337;0.17441023144090712;
24;0.2;0.05;0.75;-0.25;5.0;0.5;3.141592653589793;0.3;0.3;0.1;3.261103348617055;0.7970148921012878;-0.391504168510437;0.16503435373306274;0.14911012636680948;2.8208165750421377;3.3388695557932015;0.3022823774855329;-0.05924727959467354;-0.2964192901936998;0.7910901641418205;-0.421146097529807;0.5588103532791138;0.15581002831459045;0.18665510416030884;0.4485925323653371;-0.440286773574917;0.8789185585116502;0.2977176225144671;0.22925727261395626;0.18993916317936352;0.5817360805405094;0.1748039446325268;
25;0.2;0.05;0.75;-0.25;5.0;0.5;3.141592653589793;0.3;0.3;0.1;3.277154516848683;0.7970858216285706;-0.4041099548339844;0.1567462831735611;0.16114264729540181;2.8450666147928616;3.378263055516629;0.30258888229719694;-0.07094715277598296;-0.2941539277365649;0.7899911063509722;-0.4335253476076409;0.5615137815475464;0.1587303727865219;0.19201037287712097;0.4500972919099994;-0.4320879020558204;0.8941876582739057;0.29741111770280304;0.2318916533182363;0.18622468701696204;0.58470294687937;0.17735284148821812;
26;0.2;0.05;0.75;-0.25;5.0;0.5;3.141592653589793;0.3;0.3;0.1;3.4191912400857816;0.7725337743759155;-0.4063095152378082;0.13406191766262054;0.1579254113228877;2.9984178125343672;3.5274873530357476;0.30530038123951947;-0.1149114586233889;-0.28284921683123165;0.7610426285135766;-0.4345944369209314;0.5652557015419006;0.16283592581748962;0.194880872964859;0.4522874721439442;-0.42077342755141445;0.9158374389682256;0.2946996187604805;0.23371830228894674;0.1795093882579545;0.5886275317707953;0.18078686464328508;
27;0.2;0.05;0.75;-0.25;5.0;0.5;3.141592653589793;0.3;0.3;0.1;3.529179197991493;0.7529690265655518;-0.40529966354370117;0.10660156607627869;0.15532804194843164;3.122476933369175;3.6482566674970616;0.3073986543780869;-0.14916921545402936;-0.26877960836768827;0.7380521050201488;-0.43217762438047;0.5710486173629761;0.1654740869998932;0.19896024465560913;0.45237408669827384;-0.40670226462231834;0.9303183947946557;0.2926013456219131;0.2346107573450282;0.17485233769597286;0.5945096930974789;0.18295932076949048;
28;0.2;0.05;0.75;-0.25;5.0;0.5;3.141592653589793;0.3;0.3;0.1;3.3586185340699672;0.7829182147979736;-0.429705411195755;0.05055604502558708;0.18269549441220745;2.960422427976805;3.522830603143264;0.30414423843192684;-0.1131628935282711;-0.28230812474961814;0.7716019254451465;-0.45793622367071685;0.5740123987197876;0.16835223138332367;0.20350295305252075;0.4538614604786013;-0.3981961060931629;0.9458740373741654;0.29585576156807314;0.23994156264350977;0.17308575380202498;0.5980065549841386;0.18566080676352617;
29;0.2;0.05;0.75;-0.25;5.0;0.5;3.141592653589793;0.3;0.3;0.1;3.205318939349271;0.8671659231185913;-0.494507372379303;0.0252922885119915;0.2711304274478665;2.6947297609134604;3.4129138194576587;0.30121706593102326;-0.08072753057530623;-0.2901978404731976;0.8590931700610607;-0.5235271564266227;0.5800212621688843;0.17172665894031525;0.21047744154930115;0.45469346396844124;-0.38313660691685547;0.9648869302077168;0.2987829340689767;0.24559494882812383;0.17015981547056794;0.6045807570516967;0.18874264048737205;
30;0.2;0.05;0.75;-0.25;5.0;0.5;3.141592653589793;0.3;0.3;0.1;3.489159997605566;1.2410316467285156;-0.8067336678504944;0.05386021360754967;0.7423371572319295;2.4188193034105585;4.8704355343408965;0.30663537625059406;-0.30281366275682714;0.048261160534511995;1.210750280452833;-0.8019075517970432;0.5832278728485107;0.1734251081943512;0.21612520515918732;0.4550843489332835;-0.37520600616346156;0.974677337166896;0.2933646237494059;0.2427653213923056;0.16470519480854587;0.6075044049877413;0.1898956276752058;
31;0.2;0.05;0.75;-0.25;5.0;0.5;3.141592653589793;0.3;0.3;0.1;3.4387828284448023;1.324341893196106;-0.9905614852905273;0.21037885546684265;0.9371765702234554;2.4819395388220262;5.194474459763131;0.3056742441019613;-0.2708365393935083;0.14171913221810967;1.297258239256755;-0.9763895720687163;0.5884295105934143;0.17606301605701447;0.2228991538286209;0.45566952575159486;-0.3624629399127577;0.9902075409565074;0.29432575589803867;0.2460974893298584;0.16144248613822845;0.6130392595264001;0.19220726467083732;
32;0.2;0.05;0.75;-0.25;5.0;0.5;3.141592653589793;0.3;0.3;0.1;3.4499095866875717;1.4359934329986572;-1.1366244554519653;0.3056769073009491;1.1210218174160471;2.483086748244649;5.31311809755943;0.3058865549056519;-0.2523330701953421;0.17290056725714048;1.410760125979123;-1.1193343987262512;0.5936205387115479;0.17815223336219788;0.221632719039917;0.45581670751071035;-0.3501889722473659;1.0031830644524957;0.29411344509434806;0.24799249699574494;0.1581215988379878;0.6184197884111223;0.19396439324599665;
33;0.2;0.05;0.75;-0.25;5.0;0.5;3.141592653589793;0.3;0.3;0.1;3.4555173874025864;1.490403652191162;-1.227024793624878;0.4357798993587494;1.2258772432571488;2.4931089326425098;5.365843930510066;0.3059935524377827;-0.242955258457177;0.186023645060246;1.4661081263454445;-1.2084224291188532;0.6006436944007874;0.1796456277370453;0.22688554227352142;0.45486555316467425;-0.3345589871344901;1.0142831473342566;0.2940064475622173;0.24964149432653635;0.15530265779621658;0.625607843833441;0.19517589351666695;
34;0.2;0.05;0.75;-0.25;5.0;0.5;3.141592653589793;0.3;0.3;0.1;3.450885310430764;1.5096877813339233;-1.2817975282669067;0.5523090958595276;1.281300770485118;2.5069329033154055;5.397923468097068;0.3059051721030216;-0.2367953143928932;0.1936645383154854;1.486008249894634;-1.2624310744353582;0.6051819920539856;0.1792728155851364;0.22874286770820618;0.45304238833230875;-0.3253670934334166;1.0148181321715357;0.2940948278969784;0.2497996120584677;0.15521572604344053;0.6301619532598324;0.19479438818948047;
35;0.2;0.05;0.75;-0.25;5.0;0.5;3.141592653589793;0.3;0.3;0.1;3.44663438573233;1.5123560428619385;-1.3219941854476929;0.6529293060302734;1.3154308304588942;2.523418029217814;5.4244895475716;0.3058240619516172;-0.2315060573662085;0.19983318611116715;1.4892054371253176;-1.3020108668365762;0.6107158064842224;0.18017448484897614;0.23207752406597137;0.4521616679666937;-0.3131328922294418;1.0228829091977847;0.29417593804838277;0.2511124918963676;0.15323837293655476;0.6358270556738592;0.1954983221426316;
36;0.2;0.05;0.75;-0.25;5.0;0.5;3.141592653589793;0.3;0.3;0.1;3.427753130350338;1.4760218858718872;-1.3158082962036133;0.739892303943634;1.2895949375759121;2.543600194549319;5.437115956132587;0.3054637714650551;-0.22869475269541514;0.20250142164251175;1.4531524106023457;-1.2955581540393621;0.6112895607948303;0.18031182885169983;0.23221871256828308;0.4521159762651456;-0.3118319822799289;1.0239677351871468;0.2945362285349449;0.251586333239161;0.15315321363544127;0.6364481941187464;0.19562715021524396;
37;0.2;0.05;0.75;-0.25;5.0;0.5;3.141592653589793;0.3;0.3;0.1;3.411175345986618;1.4324113130569458;-1.3151476383209229;0.8208872079849243;1.2649998781062173;2.5718021811584424;5.457680348787665;0.3051474034540684;-0.22424987651661513;0.20694668568750466;1.4099863254052842;-1.2944529697521723;0.6165076494216919;0.18122708797454834;0.2330562174320221;0.45141666901647615;-0.30020778003452664;1.032287591796848;0.2948525965459316;0.25312341781245834;0.15121702630596048;0.6418199912029378;0.19634879060514437;
38;0.2;0.05;0.75;-0.25;5.0;0.5;3.141592653589793;0.3;0.3;0.1;3.3820743145518413;1.3513787984848022;-1.3088955879211426;0.9037804007530212;1.2177505185323825;2.6250877362953307;5.494925507839502;0.304591976342429;-0.215994505697303;0.21476183450688943;1.329779347915072;-1.2874194044704537;0.6265127062797546;0.18596011400222778;0.2345832735300064;0.45311183245550496;-0.2760232563324137;1.0644910746305767;0.29540802365757096;0.25834679424696905;0.14325792942656346;0.6523473857044515;0.20028590694488413;
39;0.2;0.05;0.75;-0.25;5.0;0.5;3.141592653589793;0.3;0.3;0.1;3.3213551888769977;1.242167353630066;-1.2800084352493286;0.9688876867294312;1.1415542390372841;2.6958390714394156;5.53523671774046;0.30343284179135704;-0.2063757001877209;0.22244226183350738;1.221529783611294;-1.257764209065978;0.6305636167526245;0.18838411569595337;0.23167182505130768;0.4543629414220937;-0.2659910468631729;1.0804611059839484;0.29656715820864293;0.26162414627050035;0.1396598919381727;0.6567260313796746;0.20235010488977065;
40;0.2;0.05;0.75;-0.25;5.0;0.5;3.141592653589793;0.3;0.3;0.1;3.468580609253073;1.4566785097122192;-1.3087986707687378;1.4397614002227783;1.2729686332784202;2.5530588259539195;5.441461458752878;0.3062427856189024;-0.22839360874852155;0.20401226244138435;1.4338391488373672;-1.2883974445245994;0.6322823762893677;0.18977408111095428;0.23142658174037933;0.45525672026787506;-0.26154587197259355;1.0891580980438254;0.2937572143810976;0.260338580829365;0.1360776408257224;0.6583162343723041;0.20338184519352653;
41;0.2;0.05;0.75;-0.25;5.0;0.5;3.141592653589793;0.3;0.3;0.1;3.426062477828662;1.3361839056015015;-1.230543851852417;1.5414421558380127;1.1424000247688217;2.6027812575915714;5.442553034054628;0.30543150864389074;-0.2275663239049496;0.2037203345198281;1.3134272732110066;-1.2101718184004342;0.6353033185005188;0.19118906557559967;0.23000112175941467;0.45585427532322675;-0.25434157175935246;1.0992095703576612;0.29456849135610924;0.2624159121851615;0.13382258827209922;0.6615449097190349;0.2045713244028096;
42;0.2;0.05;0.75;-0.25;5.0;0.5;3.141592653589793;0.3;0.3;0.1;3.3982679769351845;1.2700477838516235;-1.195478916168213;1.7278207540512085;1.0790644459009868;2.638721525638786;5.44775688773707;0.3049010614572525;-0.2261097454842755;0.20454593683276973;1.247436809303196;-1.175024322484936;0.6383749842643738;0.19420157372951508;0.23469877243041992;0.45801220752481764;-0.2461958046056159;1.1176667882446791;0.2950989385427475;0.26531798264343665;0.1291888215561753;0.6649067825287175;0.20712045588513261;
43;0.2;0.05;0.75;-0.25;5.0;0.5;3.141592653589793;0.3;0.3;0.1;3.304842903608225;1.1077955961227417;-1.0840376615524292;1.830411672592163;0.907544219028843;2.7363454980441824;5.4217224863406255;0.3031175731787391;-0.23000444778206772;0.19742901805518442;1.0847951513445349;-1.0642947597469108;0.6403167247772217;0.19436006247997284;0.23509125411510468;0.45769671835266756;-0.24199690552717873;1.1203553116998837;0.29688242682126087;0.26726994509852714;0.12925150599630014;0.6670437192870744;0.20728521307960285;
44;0.2;0.05;0.75;-0.25;5.0;0.5;3.141592653589793;0.3;0.3;0.1;3.1574895740799365;0.9045811891555786;-0.9417456984519958;1.9130784273147583;0.7088070649814323;2.9217393999120054;5.2994738868852185;0.30030360856136173;-0.25002046922803767;0.16634909762895453;0.8795791422327749;-0.9251107886891003;0.6426301002502441;0.1969704031944275;0.23850983381271362;0.459685584616335;-0.2357501741679338;1.136139438362206;0.29969639143863824;0.2718289965179957;0.12620191636168193;0.6698129999020437;0.2095905948305957;
45;0.2;0.05;0.75;-0.25;5.0;0.5;3.141592653589793;0.3;0.3;0.1;3.485035388548769;0.685505747795105;-0.8080922961235046;2.2196171283721924;0.5618064787450161;-3.026541014882319;-1.1560220313561236;0.3065566959449563;-0.2805629256833915;0.12353725171244562;0.6574494552267658;-0.7957385709522601;0.6454324722290039;0.19985556602478027;0.24359539151191711;0.4618488910321356;-0.22839109625150167;1.153914165182336;0.29344330405504365;0.2683115962536001;0.11881860128189466;0.6722636318543639;0.21173742615296973;
46;0.2;0.05;0.75;-0.25;5.0;0.5;3.141592653589793;0.3;0.3;0.1;2.22885095979074;0.43141868710517883;-0.6315969228744507;2.3403656482696533;0.49710186528822986;-2.445952053431209;-0.8896453860742167;0.2826160859167621;-0.21954988253421195;0.17795983001263066;0.40946369885175765;-0.6138009398731876;0.6497732996940613;0.20438311994075775;0.24905551970005035;0.46530571793318154;-0.21710109364046873;1.1819331183326427;0.31738391408323785;0.29368823961382373;0.1203319027994212;0.6791421236554437;0.21641631022069988;
47;0.2;0.05;0.75;-0.25;5.0;0.5;3.141592653589793;0.3;0.3;0.1;1.627207074759552;0.13288474082946777;-0.4189068377017975;2.411212921142578;0.6398130687345598;-1.8379571416699625;0.34293758790837137;0.2712954729044992;0.09122447930766406;0.255498195675667;0.1420071887602342;-0.3933570181342308;0.6519501209259033;0.20833396911621094;0.25221705436706543;0.4687043908822114;-0.21075006691041054;1.204826914950975;0.3287045270955008;0.3069368229885325;0.11762845245425574;0.6826438032247566;0.2200968143616365;
48;0.2;0.05;0.75;-0.25;5.0;0.5;3.141592653589793;0.3;0.3;0.1;1.339572014219243;-0.1388770490884781;-0.2191406786441803;3.267160654067993;0.8894125623751794;-1.5360930657931982;1.1310359254582965;0.26594937532902435;0.24064527409191738;0.11322067962666632;-0.11481252167928635;-0.20781861068151367;0.6574234962463379;0.21499669551849365;0.25582873821258545;0.4741227013024904;-0.19652105157395514;1.2456036289850887;0.3340506246709756;0.31654275708194235;0.10672629845558897;0.6890777719545321;0.22566932536405254;
49;0.2;0.05;0.75;-0.25;5.0;0.5;3.141592653589793;0.3;0.3;0.1;1.159005424414206;-0.47194984555244446;0.027868712320923805;3.3998665809631348;1.2531450220674905;-1.3472007947431377;1.5348293862036426;0.26262010058022145;0.2624502534768792;0.009443605174269025;-0.44570482020475655;0.028813072838350707;0.6607626080513;0.21856293082237244;0.2568190395832062;0.4769848344157886;-0.18819537032893155;1.268029092156689;0.33737989941977853;0.32203419447629006;0.1005941057940616;0.6929660274989291;0.2286223414017786;
50;0.2;0.05;0.75;-0.25;5.0;0.5;3.141592653589793;0.3;0.3;0.1;1.0875516818466602;-0.7272250652313232;0.21258385479450226;3.6435956954956055;1.547959210077652;-1.267325053159626;1.6856881739603704;0.2613088541529008;0.2595860941822462;-0.029956250865353248;-0.7012664558130987;0.20958822970796692;0.6642435789108276;0.2218751460313797;0.25353556871414185;0.4796043340089405;-0.17977337131296584;1.2893959465564055;0.3386911458470992;0.3253695740169015;0.09405494447013979;0.6967805363125178;0.23128064047839367;
51;0.2;0.05;0.75;-0.25;5.0;0.5;3.141592653589793;0.3;0.3;0.1;1.0149135703105208;-1.1139302253723145;0.4992879033088684;3.7577126026153564;2.0088972714157105;-1.1885725658960564;1.8212411071547576;0.2599796540714071;0.2518688830355252;-0.0644320284449081;-1.088743337068762;0.4928447004643776;0.6669003367424011;0.22370204329490662;0.25059035420417786;0.4809357336020021;-0.1736589955855357;1.3021031369584495;0.34002034592859287;0.32781995371952993;0.09026579412338444;0.6996823321143542;0.23272862270724506;
52;0.2;0.05;0.75;-0.25;5.0;0.5;3.141592653589793;0.3;0.3;0.1;0.9693554399282085;-1.4731279611587524;0.7715054154396057;3.9884750843048096;2.4465835864442305;-1.1400784691130559;1.8991293350967156;0.259147983648132;0.24530461085691924;-0.08356629297287227;-1.4485975000730604;0.7631487861423185;0.6683096289634705;0.22383862733840942;0.24240368604660034;0.4808288276279137;-0.1707230291848475;1.3045094133735204;0.34085201635186796;0.32883856680170004;0.0896955630727515;0.7011934856436405;0.23280818364568456;
53;0.2;0.05;0.75;-0.25;5.0;0.5;3.141592653589793;0.3;0.3;0.1;0.9468853561793358;-1.838319182395935;1.037034511566162;4.1867289543151855;2.89064941214273;-1.1093533677583827;1.9487743674796842;0.25873836555303087;0.24047472882808854;-0.09548532140654452;-1.8142717095131262;1.0274859794255076;0.672245442867279;0.2243654876947403;0.2359360307455063;0.4806957323201178;-0.16246801157904667;1.3121050551714886;0.3412616344469691;0.3299063579935473;0.08730004639660972;0.7052360786666337;0.23309549233440127;
54;0.2;0.05;0.75;-0.25;5.0;0.5;3.141592653589793;0.3;0.3;0.1;0.93094640536459;-2.2227189540863037;1.317665696144104;4.314901828765869;3.360748981231854;-1.0855082531280689;1.9862862077756993;0.25844804003573413;0.2364589436744282;-0.10431949652239514;-2.199073059718861;1.3072337464918644;0.6760126352310181;0.22487303614616394;0.23239491879940033;0.4806022582178889;-0.15456184776347884;1.3195481832094815;0.34155195996426585;0.33082820915711825;0.08491429432860814;0.7090954561467299;0.23336446557902477;
55;0.2;0.05;0.75;-0.25;5.0;0.5;3.141592653589793;0.3;0.3;0.1;0.9161341347386944;-2.779890775680542;1.7295072078704834;4.3844404220581055;4.047045548822718;-1.0597111688311474;2.0255561712621724;0.25817841160697796;0.23193884674602303;-0.1134039840130274;-2.7566968910059395;1.7181668094691807;0.6810948848724365;0.22661511600017548;0.22912894189357758;0.4815702271638099;-0.143577034092453;1.3353299323593943;0.341821588393022;0.33238924004815573;0.07974579231368926;0.7143338088772521;0.2345896952315444;
56;0.2;0.05;0.75;-0.25;5.0;0.5;3.141592653589793;0.3;0.3;0.1;0.9183293561105964;-2.9050369262695312;1.833514928817749;5.190225601196289;4.207175940105222;-1.0526980870998575;2.0349973937189096;0.258218360655155;0.23089357498019253;-0.11560656907071463;-2.881947568771512;1.8219542719106776;0.6853813529014587;0.22800765931606293;0.22869442403316498;0.4823555658616029;-0.1343687309892614;1.34843324433583;0.34178163934484496;0.3333666440044395;0.0753748609183924;0.7187180173019027;0.23554514540790217;
57;0.2;0.05;0.75;-0.25;5.0;0.5;3.141592653589793;0.3;0.3;0.1;0.9170034944306094;-3.2975378036499023;2.1291258335113525;5.397345542907715;4.694976251660509;-1.0393988152740927;2.054553837403406;0.2581942319322826;0.2285673539601353;-0.12008840954381714;-3.274681068253889;2.1171169925569706;0.6910120844841003;0.22953681647777557;0.22865962982177734;0.4831512522332429;-0.12239532084348347;1.3643557155827593;0.3418057680677174;0.33454810622838793;0.07006245573316357;0.7244668951069392;0.23654306205109193;
58;0.2;0.05;0.75;-0.25;5.0;0.5;3.141592653589793;0.3;0.3;0.1;0.9125003326350797;-3.8433406352996826;2.532895803451538;5.482773780822754;5.370594682599263;-1.0260832097885006;2.074469752210435;0.258112291172798;0.226058748144;-0.12457687282171925;-3.8207347604852826;2.520438116169366;0.695118248462677;0.2311071753501892;0.22865203022956848;0.4842273441527669;-0.11358287715342098;1.37851305753313;0.341887708827202;0.33558687563311596;0.06533493973301892;0.7286769360259886;0.2376406693234911;
59;0.2;0.05;0.75;-0.25;5.0;0.5;3.141592653589793;0.3;0.3;0.1;0.9127149005842793;-4.434961318969727;2.9702858924865723;5.5425519943237305;6.103610825450811;-1.0150194474054213;2.0908970775922286;0.25811619515435125;0.22398526203058453;-0.12827537797274086;-4.412562792766668;2.9574583546892983;0.7004448771476746;0.23269718885421753;0.22464780509471893;0.4852342592281312;-0.102304546821142;1.3947967779453603;0.34188380484564873;0.33660238978613444;0.05986123291413937;0.734105116126288;0.23868331214563146;
60;0.2;0.05;0.75;-0.25;5.0;0.5;3.141592653589793;0.3;0.3;0.1;0.9139193907831937;-5.06101655960083;3.4323360919952393;5.574292182922363;6.8794994403928715;-1.0059781840512645;2.104274312333964;0.2581381110518995;0.22226817308173402;-0.131271259658583;-5.038789742292657;3.419208966029381;0.7053496837615967;0.2336486428976059;0.22350409626960754;0.4857053227182973;-0.09205879326807079;1.4073854813908335;0.3418618889481005;0.33730764999849705;0.05561564858612;0.7390804487614464;0.2392102077562179;
61;0.2;0.05;0.75;-0.25;5.0;0.5;3.141592653589793;0.3;0.3;0.1;0.9071059271830743;-5.728226184844971;3.9238228797912598;5.57676362991333;7.706374759501385;-0.9984492957289288;2.115397274562476;0.25801415373214726;0.2206883036046582;-0.1336711493861496;-5.706157354484505;3.910455764852645;0.7057008147239685;0.23362472653388977;0.22437603771686554;0.48564935285769695;-0.09134336854585452;1.407822484686736;0.3419858462678527;0.33745423678892994;0.05548835121663113;0.7394462384028615;0.2391735616555529;
62;0.2;0.05;0.75;-0.25;5.0;0.5;3.141592653589793;0.3;0.3;0.1;0.9202106240501783;-6.4374284744262695;4.445284366607666;5.5480170249938965;8.585151329959414;-0.9921303566242965;2.1247306360264275;0.25825259927710453;0.21963389713333964;-0.1358504923193225;-6.4154650847129355;4.431699317375734;0.7150362730026245;0.23531080782413483;0.22266680002212524;0.48656864099165015;-0.07191973257411834;1.4318204866913469;0.34174740072289544;0.3384524060208055;0.04734189222647391;0.7488815136047051;0.24004499704678223;
63;0.2;0.05;0.75;-0.25;5.0;0.5;3.141592653589793;0.3;0.3;0.1;0.9219304914335037;-7.267050266265869;5.054133415222168;5.478057861328125;9.612852139625888;-0.9863050282556357;2.133344122383511;0.2582839028342585;0.21848209738349372;-0.1377539385506137;-7.2452020565275195;5.040358021367107;0.7187256217002869;0.23514780402183533;0.22386375069618225;0.48615478860671807;-0.064374536822132;1.4373059989137886;0.3417160971657415;0.3386759820386915;0.045480438127995126;0.7525932199041561;0.23969584783463485;
64;0.2;0.05;0.75;-0.25;5.0;0.5;3.141592653589793;0.3;0.3;0.1;0.927510844240277;-8.06711483001709;5.640201091766357;5.377365589141846;10.603583489894012;-0.9818423253266214;2.1399579562149897;0.25838548732841793;0.2176518138874216;-0.13925066597133104;-8.045349648628347;5.626276025169225;0.7236109375953674;0.2352268099784851;0.22613686323165894;0.48594386479972407;-0.05433148108634447;1.4462995421468057;0.34161451267158205;0.33897051194143835;0.042420128500532624;0.7575079887895113;0.23946882282853837;
65;0.2;0.05;0.75;-0.25;5.0;0.5;3.141592653589793;0.3;0.3;0.1;0.9321524979470802;-8.911628723144531;6.2577033042907715;5.239223957061768;11.648917197772866;-0.9780354002682915;2.1456202154157387;0.2584700020200583;0.21693078783045358;-0.14052677764578425;-8.889935644361486;6.243650626526193;0.7277217507362366;0.23520499467849731;0.22813285887241364;0.4857161797297049;-0.0458829023212112;1.453615381700374;0.34152999797994166;0.33918784185711626;0.039929280690877096;0.7616405349219482;0.23919792274758503;
66;0.2;0.05;0.75;-0.25;5.0;0.5;3.141592653589793;0.3;0.3;0.1;0.9399428252321523;-9.801336288452148;6.907070636749268;5.061526298522949;12.749680685077008;-0.9747766193097213;2.1504905286050104;0.2586118845320506;0.21636251152258384;-0.14165934642253022;-9.77970003729989;6.892904702107015;0.7331164479255676;0.23449280858039856;0.22637690603733063;0.48478689740624464;-0.03483379407756876;1.4600432166119723;0.3413881154679494;0.33929647859794365;0.03773254555146113;0.767046095785362;0.23826606313554466;
67;0.2;0.05;0.75;-0.25;5.0;0.5;3.141592653589793;0.3;0.3;0.1;0.9452049065210021;-10.736883163452148;7.588715553283691;4.842147350311279;13.90661520054726;-0.9719764129130709;2.1546993386455995;0.25870774726169204;0.21584435961208312;-0.14262156539902815;-10.71529872749094;7.574453396743788;0.7370505928993225;0.23358553647994995;0.2277645766735077;0.48375888440095866;-0.02677150639206886;1.4629970386892661;0.34129225273830793;0.33931114719767796;0.03671984703923445;0.7709817076190904;0.2372575211838734;
68;0.2;0.05;0.75;-0.25;5.0;0.5;3.141592653589793;0.3;0.3;0.1;0.6413170291118232;-7.178907871246338;10.001386642456055;9.181821823120117;12.959880714105303;-0.6583393138864722;2.46720320001942;0.25320756741533557;0.15810800659671015;-0.19777747709586743;-7.163097070586667;9.981608894746469;0.7417792677879333;0.23289276659488678;0.22711016237735748;0.4829627361067998;-0.01702228477464927;1.4687928874436122;0.3467924325846644;0.34498986043760355;0.035312710080534056;0.7762782538316937;0.23642403760294017;
69;0.2;0.05;0.75;-0.25;5.0;0.5;3.141592653589793;0.3;0.3;0.1;0.6491206851181548;-7.708381175994873;10.797685623168945;9.160771369934082;13.913862502799077;-0.6534261626079898;2.4732576471273946;0.2533478631936573;0.1569946213148666;-0.19884121469905008;-7.6926817138633865;10.77780150169904;0.7479202747344971;0.2330387383699417;0.2285453826189041;0.4830432154820156;-0.004305477489834964;1.4819092061397683;0.34665213680634266;0.3452836027807104;0.030772351277987758;0.7824486350125681;0.2361159734977405;
70;0.2;0.05;0.75;-0.25;5.0;0.5;3.141592653589793;0.3;0.3;0.1;0.6565611671872782;-8.327407836914062;11.71841812133789;9.10598373413086;15.021396917891426;-0.6488851478348094;2.4789355968535247;0.2534816776172338;0.15594541075573243;-0.19983490623980868;-8.311813295838489;11.69843463071391;0.7537121176719666;0.23358981311321259;0.22505255043506622;0.4836040603267123;0.007676019352468796;1.4966755636141829;0.3465183223827662;0.34556689174428373;0.025660691283774354;0.7882688068463949;0.23615588224159;
71;0.2;0.05;0.75;-0.25;5.0;0.5;3.141592653589793;0.3;0.3;0.1;1.268200886265716;-0.00015967449871823192;-0.0005299558979459107;0.08905258774757385;0.7905535023945588;-1.2497456034186585;1.2889885906688137;0.2646308217749005;0.2541922711677408;0.07359185492868674;0.025259552618055847;0.006829229594922763;0.7589507699012756;0.23494264483451843;0.22370468080043793;0.4850252416740014;0.0184552828470575;1.5145172655307544;0.3353691782250995;0.3348382055060214;0.018864300593606644;0.7924345904518778;0.2368290748938791;
72;0.2;0.05;0.75;-0.25;5.0;0.5;3.141592653589793;0.3;0.3;0.1;1.281144718671747;-0.0010250326013192534;-0.0029930940363556147;-0.08142780512571335;0.7906016766915849;-1.2530473456654223;1.2857642770671265;0.26486970473314336;0.2541829117063919;0.07447823763948175;0.024393258569319936;0.00445472972759256;0.7636382579803467;0.23526489734649658;0.21851971745491028;0.48545650956336384;0.028097373006324724;1.5263040149516813;0.3351302952668566;0.33479864374504215;0.014905802632895346;0.7971181223548509;0.23675547760978613;
73;0.2;0.05;0.75;-0.25;5.0;0.5;3.141592653589793;0.3;0.3;0.1;1.3053092218392197;-0.003968175034970045;-0.011138582602143288;-0.14417991042137146;0.7908999846294577;-1.2639936480961103;1.2752970455224162;0.26531596623340264;0.2538163397240102;0.0772646596282537;0.021413458937430973;-0.003412116639317918;0.7701194882392883;0.23669393360614777;0.21710443496704102;0.4871096168379723;0.041315573743109305;1.5477490084295105;0.33468403376659733;0.33459514915542404;0.0077128866152958294;0.8035790031548308;0.23746522226767736;
74;0.2;0.05;0.75;-0.25;5.0;0.5;3.141592653589793;0.3;0.3;0.1;1.3299689757055384;-0.008801632560789585;-0.0243341326713562;-0.16550657153129578;0.7916470180920967;-1.2817286616032986;1.2587588157853649;0.26577176896378013;0.25293765906494564;0.08159150571525357;0.016492133345704978;-0.016174982099830842;0.7735170722007751;0.2371201068162918;0.22003573179244995;0.48768745231922056;0.048240314102239654;1.5575514997741464;0.33422823103621985;0.3341989153970682;0.004426665677912713;0.806936963740482;0.23756277338408308;
75;0.2;0.05;0.75;-0.25;5.0;0.5;3.141592653589793;0.3;0.3;0.1;1.3606691888504614;-0.016048891469836235;-0.040072012692689896;-0.13467413187026978;0.7942925556601064;-1.3033229009356413;1.2413695061430339;0.26633977226711114;0.25201812949429214;0.08616110896161236;0.009152921479592978;-0.03145590179652866;0.7779815793037415;0.23740555346012115;0.22307446599006653;0.48820809325952247;0.05734628791481995;1.5692512577650823;0.33366022773288884;0.3336598294697295;0.0005155278792361582;0.8113475622507144;0.23745710624804478;
76;0.2;0.05;0.75;-0.25;5.0;0.5;3.141592653589793;0.3;0.3;0.1;1.3876746725883464;-0.022952953353524208;-0.052132993936538696;-0.21552109718322754;0.7978769455163204;-1.320189492524422;1.2301182503874837;0.2668399153961873;0.2515041769225827;0.08915822698516726;0.0021974643387340613;-0.04321717123802197;0.7828869223594666;0.23658064007759094;0.23022229969501495;0.48769075135847684;0.0674851800639245;1.5768127986684646;0.3331600846038127;0.33315405476865717;-0.0020044361856218973;0.8162023278363323;0.23638019645902875;
77;0.2;0.05;0.75;-0.25;5.0;0.5;3.141592653589793;0.3;0.3;0.1;1.3957311001008816;-0.026583850383758545;-0.053374238312244415;-0.08442161977291107;0.8010893625783293;-1.3228145503834112;1.2324472379201346;0.26698921024187955;0.2518519734477985;0.08862179109018242;-0.0013986530389786915;-0.04451205920322617;0.7855262756347656;0.23635448515415192;0.23277200758457184;0.48765028605552724;0.07291654971747046;1.5820426078190242;0.33301078975812043;0.33298973057140613;-0.003745053979509669;0.8188252486919062;0.23597997975620094;
78;0.2;0.05;0.75;-0.25;5.0;0.5;3.141592653589793;0.3;0.3;0.1;1.4086595293528867;-0.028729679062962532;-0.05534563958644867;-0.17864321172237396;0.8026893752140446;-1.325851576624814;1.2318504305912272;0.2672288739889405;0.2520250667034819;0.088851768955393;-0.0035271723926143424;-0.046460462690909365;0.7903370261192322;0.23600144684314728;0.23241646587848663;0.487672515126469;0.08280795272807266;1.592044734766055;0.33277112601105946;0.33269600661409304;-0.007070324582632805;0.8236066267806414;0.235294414384884;
79;0.2;0.05;0.75;-0.25;5.0;0.5;3.141592653589793;0.3;0.3;0.1;1.4208134945495077;-0.03115125745534897;-0.057964224368333817;-0.211789071559906;0.8044097377248292;-1.3297397309016719;1.2305660872411548;0.2674542760395335;0.2521232242162234;0.08925059990076772;-0.0059389350337266285;-0.04903916437825705;0.7943375706672668;0.23548468947410583;0.22799818217754364;0.4875050808826959;0.09107376364783584;1.5994765860504145;0.3325457239604665;0.3324089643836483;-0.009536190108278123;0.8275784671056317;0.23453107046327804;
80;0.2;